Drug,IsAgonist,AgonistTargetGeneID,AgonistTarget,AgonistTargetIndex,IsAntagonist,AntagonistTargetGeneID,AntagonistTarget,AntagonistTargetIndex,DrugAction,SimilarDrugs
4-Methoxyamphetamine,Yes,ADRA1A,aAR,1,No,,,,Competitive,Midodrine;Norepinephrine;Phenylephrine;Dipivefrin;Clonidine;Metaraminol;Epinephrine;Methoxamine;Pseudoephedrine;Benzphetamine;Apraclonidine;Pergolide;Ergometrine;Ephedrine;Phendimetrazine;Lofexidine;Droxidopa;Xylometazoline;Isometheptene;Naphazoline;Cirazoline;Racepinephrine
AMG-510,No,,,,Yes,KRAS,Ras,93,Non-Competitive,MRTX849
Acepromazine,No,;,,,Yes,ADRA1B;ADRA1A,aAR,1,Competitive,Ziprasidone;Dapiprazole;Amitriptyline;Olanzapine;Alfuzosin;Clozapine;Prazosin;Imipramine;Chlorpromazine;Nortriptyline;Doxazosin;Nicardipine;Verapamil;Thioridazine;Phentolamine;Tamsulosin;Trimipramine;Risperidone;Fenoldopam;Quinidine;Phenoxybenzamine;Carvedilol;Doxepin;Nefazodone;Terazosin;Aripiprazole;Paliperidone;Methotrimeprazine;Dextroamphetamine;Periciazine;Thioproperazine;Dronedarone;Pizotifen;Silodosin;Brexpiprazole;Aripiprazole lauroxil
Acetylcysteine,No,,,,Yes,IKBKB,IKK,51,Non-Competitive,Mesalazine;Sulfasalazine;Acetylsalicylic acid;Auranofin;Fostamatinib
Acetylsalicylic acid,No,;;,,,Yes,IKBKB;EDNRA;NFKBIA,IkB;IKK;ET1R,51;50;35,Non-Competitive,Mesalazine;Sulfasalazine;Auranofin;Acetylcysteine;Fostamatinib
Adapalene,No,,,,Yes,JUN,cJun,22,Competitive,Irbesartan
Afatinib,No,;;,,,Yes,ERBB4;EGFR;ERBB2,EGFR;ERBB,27;31,Non-Competitive,Fostamatinib;Brigatinib;Zanubrutinib
Agmatine,Yes,ADRA2C,aAR,1,No,,,,Competitive,Norepinephrine;Brimonidine;Clonidine;Apomorphine;Ephedra sinica root;Metamfetamine;Droxidopa;Xylometazoline;Racepinephrine
Alfuzosin,No,;;,,,Yes,ADRA1D;ADRA1A;ADRA1B,aAR,1,Competitive,Dapiprazole;Amitriptyline;Prazosin;Imipramine;Nortriptyline;Doxazosin;Nicardipine;Verapamil;Phentolamine;Tamsulosin;Fenoldopam;Quinidine;Phenoxybenzamine;Carvedilol;Doxepin;Terazosin;Methotrimeprazine;Dronedarone;Pizotifen;Silodosin
Alpelisib,No,,,,Yes,PIK3CA,PI3K,83,Non-Competitive,Caffeine;Copanlisib
Alprenolol,No,;;,,,Yes,ADRB1;ADRB2;ADRB3,BAR,10,Competitive,Esmolol;Betaxolol;Ranolazine;Metoprolol;Atenolol;Timolol;Sotalol;Lamotrigine;Propranolol;Labetalol;Bisoprolol;Terbutaline;Carvedilol;Propafenone;Nadolol;Levobunolol;Metipranolol;Aripiprazole;Bevantolol;Practolol;Penbutolol;Oxprenolol;Celiprolol;Dronedarone;Nebivolol;Asenapine;Bupranolol;Arotinolol;Levobetaxolol
Ambrisentan,No,;,,,Yes,EDNRB;EDNRA,ET1R,35,Competitive,Bosentan;Sitaxentan;Macitentan
Amitriptyline,No,;;,,,Yes,ADRA1D;ADRA1A;ADRA1B,aAR,1,Competitive,Dapiprazole;Alfuzosin;Prazosin;Imipramine;Nortriptyline;Doxazosin;Nicardipine;Verapamil;Phentolamine;Tamsulosin;Fenoldopam;Quinidine;Phenoxybenzamine;Carvedilol;Doxepin;Terazosin;Methotrimeprazine;Dronedarone;Pizotifen;Silodosin
Amlexanox,No,,,,Yes,FGF1,FGF,37,Non-Competitive,Pentosan polysulfate;Pazopanib
Amoxapine,No,,,,Yes,ADRA1A,aAR,1,Competitive,Ziprasidone;Dapiprazole;Amitriptyline;Olanzapine;Alfuzosin;Clozapine;Promazine;Droperidol;Prazosin;Imipramine;Chlorpromazine;Nortriptyline;Lamotrigine;Doxazosin;Nicardipine;Trazodone;Verapamil;Thioridazine;Phentolamine;Nicergoline;Tamsulosin;Trimipramine;Risperidone;Propiomazine;Tolazoline;Fenoldopam;Trifluoperazine;Flupentixol;Quinidine;Phenoxybenzamine;Carvedilol;Doxepin;Nefazodone;Terazosin;Aripiprazole;Paliperidone;Bevantolol;Methotrimeprazine;Acepromazine;Thioproperazine;Zuclopenthixol;Dronedarone;Iloperidone;Pizotifen;Silodosin;Asenapine;Indoramin;Niguldipine;Propiverine;Aripiprazole lauroxil
Amrinone,No,,,,Yes,TNF,TNFa,105,Competitive,Infliximab;Chloroquine;Thalidomide;Pomalidomide;Polaprezinc;Glycyrrhizic acid
Amyl Nitrite,Yes,NPR1,GCA,43,No,,,,Competitive,Nitroprusside;Nitroglycerin;Isosorbide dinitrate;Erythrityl tetranitrate
Angiotensin II,Yes,AGTR1,AT1R,8,No,,,,Competitive,
Apomorphine,Yes,ADRA2B;ADRA2C,aAR,1,No,;,,,Competitive,Etomidate;Norepinephrine;Brimonidine;Clonidine;Epinephrine;Apraclonidine;Ephedra sinica root;Metamfetamine;Droxidopa;Xylometazoline;Racepinephrine
Apraclonidine,Yes,ADRA1A;ADRA2B,aAR,1,No,;,,,Competitive,Midodrine;Norepinephrine;Phenylephrine;Dipivefrin;Clonidine;Metaraminol;Epinephrine;Methoxamine;Pseudoephedrine;Benzphetamine;Pergolide;Ergometrine;Ephedrine;4-Methoxyamphetamine;Phendimetrazine;Lofexidine;Droxidopa;Xylometazoline;Isometheptene;Naphazoline;Cirazoline;Racepinephrine
Aprindine,No,,,,Yes,CALM1,CaM,15,Competitive,Chlorpromazine;Cinchocaine;Nicardipine;Fluphenazine;Trifluoperazine;Loperamide;Perphenazine;Phenoxybenzamine;Promethazine;Pimozide;Nifedipine;Flunarizine
Arbutamine,Yes,ADRB3;ADRB1;ADRB2,BAR,10,No,;;,,,Competitive,Norepinephrine;Formoterol;Salbutamol;Isoprenaline;Fenoterol;Ephedra sinica root;Clenbuterol;Droxidopa;Racepinephrine
Aripiprazole,No,;;;;;,,,Yes,ADRB1;ADRA2C;ADRA1A;ADRA1B;ADRB2;ADRA2B,aAR;BAR,10;1,Competitive,Esmolol;Betaxolol;Ranolazine;Metoprolol;Atenolol;Timolol;Sotalol;Lamotrigine;Propranolol;Labetalol;Bisoprolol;Alprenolol;Terbutaline;Carvedilol;Propafenone;Nadolol;Levobunolol;Metipranolol;Bevantolol;Practolol;Penbutolol;Oxprenolol;Celiprolol;Dronedarone;Nebivolol;Asenapine;Bupranolol;Arotinolol;Levobetaxolol
Aripiprazole lauroxil,No,;;;,,,Yes,ADRA2B;ADRA1A;ADRA2C;ADRA1B,aAR,1,Competitive,Ziprasidone;Clozapine;Prazosin;Trimipramine;Risperidone;Tolazoline;Fenoldopam;Phenoxybenzamine;Carvedilol;Quetiapine;Aripiprazole;Paliperidone;Yohimbine;Methotrimeprazine;Celiprolol;Dronedarone;Rotigotine;Mianserin;Pizotifen;Asenapine
Arotinolol,No,;,,,Yes,ADRB1;ADRB2,BAR,10,Competitive,Esmolol;Betaxolol;Ranolazine;Metoprolol;Atenolol;Timolol;Sotalol;Lamotrigine;Propranolol;Labetalol;Bisoprolol;Alprenolol;Terbutaline;Carvedilol;Propafenone;Nadolol;Levobunolol;Metipranolol;Aripiprazole;Bevantolol;Practolol;Penbutolol;Oxprenolol;Celiprolol;Dronedarone;Nebivolol;Asenapine;Bupranolol;Levobetaxolol
Arsenic trioxide,Yes,IKBKB;HDAC1;MAPK1;MAPK3;AKT1;JUN,ERK12;HDAC;Akt;IKK;cJun,47;22;51;32;3,No,;;;;;,,,Competitive,
Asenapine,No,;;;;,,,Yes,ADRB2;ADRB1;ADRA2B;ADRA2C;ADRA1A,aAR;BAR,10;1,Competitive,Betaxolol;Metoprolol;Atenolol;Timolol;Sotalol;Propranolol;Labetalol;Bisoprolol;Alprenolol;Terbutaline;Phenoxybenzamine;Carvedilol;Propafenone;Nadolol;Levobunolol;Metipranolol;Aripiprazole;Bevantolol;Penbutolol;Oxprenolol;Celiprolol;Nebivolol;Bupranolol;Arotinolol
Atenolol,No,;,,,Yes,ADRB1;ADRB2,BAR,10,Competitive,Esmolol;Betaxolol;Ranolazine;Metoprolol;Timolol;Sotalol;Lamotrigine;Propranolol;Labetalol;Bisoprolol;Alprenolol;Terbutaline;Carvedilol;Propafenone;Nadolol;Levobunolol;Metipranolol;Aripiprazole;Bevantolol;Practolol;Penbutolol;Oxprenolol;Celiprolol;Dronedarone;Nebivolol;Asenapine;Bupranolol;Arotinolol;Levobetaxolol
Atorvastatin,No,,,,Yes,HDAC2,HDAC,47,Competitive,Pravastatin;Valproic acid;Simvastatin;Fluvastatin;Vorinostat;Romidepsin
Auranofin,No,,,,Yes,IKBKB,IKK,51,Non-Competitive,Mesalazine;Sulfasalazine;Acetylsalicylic acid;Acetylcysteine;Fostamatinib
Azilsartan medoxomil,No,,,,Yes,AGTR1,AT1R,8,Competitive,Valsartan;Olmesartan;Losartan;Candesartan cilexetil;Eprosartan;Telmisartan;Irbesartan;Forasartan;Saprisartan;Tasosartan;Fimasartan;Candesartan
Baricitinib,No,;,,,Yes,JAK1;JAK2,JAK,57,Non-Competitive,Ruxolitinib;Tofacitinib;Fostamatinib;Fedratinib;Upadacitinib
Benzphetamine,Yes,ADRA1A,aAR,1,No,,,,Competitive,Midodrine;Norepinephrine;Phenylephrine;Dipivefrin;Clonidine;Metaraminol;Epinephrine;Methoxamine;Pseudoephedrine;Apraclonidine;Pergolide;Ergometrine;Ephedrine;4-Methoxyamphetamine;Phendimetrazine;Lofexidine;Droxidopa;Xylometazoline;Isometheptene;Naphazoline;Cirazoline;Racepinephrine
Betaxolol,No,;,,,Yes,ADRB2;ADRB1,BAR,10,Competitive,Metoprolol;Atenolol;Timolol;Sotalol;Propranolol;Labetalol;Bisoprolol;Alprenolol;Terbutaline;Phenoxybenzamine;Carvedilol;Propafenone;Nadolol;Levobunolol;Metipranolol;Aripiprazole;Bevantolol;Penbutolol;Oxprenolol;Celiprolol;Nebivolol;Asenapine;Bupranolol;Arotinolol
Bevantolol,No,;;,,,Yes,ADRB2;ADRA1A;ADRB1,aAR;BAR,10;1,Competitive,Betaxolol;Metoprolol;Atenolol;Timolol;Sotalol;Propranolol;Labetalol;Bisoprolol;Alprenolol;Terbutaline;Phenoxybenzamine;Carvedilol;Propafenone;Nadolol;Levobunolol;Metipranolol;Aripiprazole;Penbutolol;Oxprenolol;Celiprolol;Nebivolol;Asenapine;Bupranolol;Arotinolol
Bisoprolol,No,;,,,Yes,ADRB2;ADRB1,BAR,10,Competitive,Betaxolol;Metoprolol;Atenolol;Timolol;Sotalol;Propranolol;Labetalol;Alprenolol;Terbutaline;Phenoxybenzamine;Carvedilol;Propafenone;Nadolol;Levobunolol;Metipranolol;Aripiprazole;Bevantolol;Penbutolol;Oxprenolol;Celiprolol;Nebivolol;Asenapine;Bupranolol;Arotinolol
Bosentan,No,;,,,Yes,EDNRA;EDNRB,ET1R,35,Competitive,Acetylsalicylic acid;Sitaxentan;Ambrisentan;Macitentan
Bosutinib,No,;;;,,,Yes,MAP3K2;MAP2K2;CAMK2G;MAP2K1,MAP3K23;CaMK;MEK12,65;16;61,Non-Competitive,Fostamatinib
Brexpiprazole,No,;,,,Yes,ADRA1B;ADRA2C,aAR,1,Competitive,Ziprasidone;Dapiprazole;Amitriptyline;Olanzapine;Alfuzosin;Clozapine;Prazosin;Imipramine;Chlorpromazine;Nortriptyline;Doxazosin;Nicardipine;Verapamil;Thioridazine;Phentolamine;Tamsulosin;Trimipramine;Risperidone;Fenoldopam;Quinidine;Phenoxybenzamine;Carvedilol;Doxepin;Nefazodone;Terazosin;Aripiprazole;Paliperidone;Methotrimeprazine;Dextroamphetamine;Periciazine;Acepromazine;Thioproperazine;Dronedarone;Pizotifen;Silodosin;Aripiprazole lauroxil
Brigatinib,No,;;;,,,Yes,IGF1R;EGFR;ERBB2;ERBB4,EGFR;ERBB;IGF1R,27;49;31,Competitive,Linsitinib;Teprotumumab
Brimonidine,Yes,ADRA2B;ADRA2C,aAR,1,No,;,,,Competitive,Etomidate;Norepinephrine;Clonidine;Epinephrine;Apomorphine;Apraclonidine;Ephedra sinica root;Metamfetamine;Droxidopa;Xylometazoline;Racepinephrine
Bufexamac,No,,,,Yes,HDAC6,HDAC,47,Non-Competitive,Vorinostat;Romidepsin
Bupranolol,No,;;,,,Yes,ADRB1;ADRB3;ADRB2,BAR,10,Competitive,Esmolol;Betaxolol;Ranolazine;Metoprolol;Atenolol;Timolol;Sotalol;Lamotrigine;Propranolol;Labetalol;Bisoprolol;Alprenolol;Terbutaline;Carvedilol;Propafenone;Nadolol;Levobunolol;Metipranolol;Aripiprazole;Bevantolol;Practolol;Penbutolol;Oxprenolol;Celiprolol;Dronedarone;Nebivolol;Asenapine;Arotinolol;Levobetaxolol
Caffeine,No,;;,,,Yes,PIK3CA;PIK3CD;PIK3CB,PI3K,83,Non-Competitive,Alpelisib;Copanlisib
Calcium Phosphate,Yes,CALM1;CALM2;CALM3,CaM,15,No,;;,,,Competitive,Calcium citrate;Calcium levulinate
Calcium citrate,Yes,CALM2;CALM1;CALM3,CaM,15,No,;;,,,Competitive,Calcium Phosphate
Calcium levulinate,Yes,CALM1,CaM,15,No,,,,Competitive,Calcium citrate;Calcium Phosphate
Candesartan,No,,,,Yes,AGTR1,AT1R,8,Competitive,Valsartan;Olmesartan;Losartan;Candesartan cilexetil;Eprosartan;Telmisartan;Irbesartan;Forasartan;Saprisartan;Tasosartan;Azilsartan medoxomil;Fimasartan
Candesartan cilexetil,No,,,,Yes,AGTR1,AT1R,8,Competitive,Valsartan;Olmesartan;Losartan;Eprosartan;Telmisartan;Irbesartan;Forasartan;Saprisartan;Tasosartan;Azilsartan medoxomil;Fimasartan;Candesartan
Carvedilol,No,;;;;;;;,,,Yes,ADRA1A;NPPB;ADRA1D;ADRA2B;ADRB2;ADRA2C;ADRA1B;ADRB1,aAR;BNP;BAR,12;10;1,Competitive,Ziprasidone;Dapiprazole;Amitriptyline;Olanzapine;Alfuzosin;Clozapine;Promazine;Droperidol;Prazosin;Imipramine;Chlorpromazine;Nortriptyline;Amoxapine;Lamotrigine;Doxazosin;Nicardipine;Trazodone;Verapamil;Thioridazine;Phentolamine;Nicergoline;Tamsulosin;Trimipramine;Risperidone;Propiomazine;Tolazoline;Fenoldopam;Trifluoperazine;Flupentixol;Quinidine;Phenoxybenzamine;Doxepin;Nefazodone;Terazosin;Aripiprazole;Paliperidone;Bevantolol;Methotrimeprazine;Acepromazine;Thioproperazine;Zuclopenthixol;Dronedarone;Iloperidone;Pizotifen;Silodosin;Asenapine;Indoramin;Niguldipine;Propiverine;Aripiprazole lauroxil
Celecoxib,No,,,,Yes,PDPK1,PDK1,81,Non-Competitive,Fostamatinib
Celiprolol,No,;;;;,,,Yes,ADRA2B;ADRB1;ADRA2C;ADRB3;ADRB2,aAR;BAR,10;1,Competitive,Ziprasidone;Clozapine;Prazosin;Trimipramine;Risperidone;Tolazoline;Fenoldopam;Phenoxybenzamine;Carvedilol;Quetiapine;Aripiprazole;Paliperidone;Yohimbine;Methotrimeprazine;Dronedarone;Rotigotine;Mianserin;Pizotifen;Asenapine;Aripiprazole lauroxil
Chloroquine,No,,,,Yes,TNF,TNFa,105,Non-Competitive,Infliximab;Thalidomide;Amrinone;Pomalidomide;Polaprezinc;Glycyrrhizic acid
Chlorpromazine,No,;;,,,Yes,ADRA1A;CALM1;ADRA1B,aAR;CaM,15;1,Competitive,Ziprasidone;Dapiprazole;Amitriptyline;Olanzapine;Alfuzosin;Clozapine;Promazine;Droperidol;Prazosin;Imipramine;Nortriptyline;Amoxapine;Lamotrigine;Doxazosin;Nicardipine;Trazodone;Verapamil;Thioridazine;Phentolamine;Nicergoline;Tamsulosin;Trimipramine;Risperidone;Propiomazine;Tolazoline;Fenoldopam;Trifluoperazine;Flupentixol;Quinidine;Phenoxybenzamine;Carvedilol;Doxepin;Nefazodone;Terazosin;Aripiprazole;Paliperidone;Bevantolol;Methotrimeprazine;Acepromazine;Thioproperazine;Zuclopenthixol;Dronedarone;Iloperidone;Pizotifen;Silodosin;Asenapine;Indoramin;Niguldipine;Propiverine;Aripiprazole lauroxil
Cinchocaine,No,,,,Yes,CALM1,CaM,15,Competitive,Chlorpromazine;Nicardipine;Fluphenazine;Trifluoperazine;Loperamide;Perphenazine;Phenoxybenzamine;Promethazine;Pimozide;Nifedipine;Aprindine;Flunarizine
Cirazoline,Yes,ADRA1B;ADRA1A;ADRA1D,aAR,1,No,;;,,,Competitive,Midodrine;Norepinephrine;Phenylephrine;Clonidine;Epinephrine;Methoxamine;Pergolide;Phendimetrazine;Droxidopa;Xylometazoline;Racepinephrine
Clenbuterol,Yes,ADRB2;ADRB1;ADRB3;TNF,TNFa;BAR,10;105,No,;;;,,,Competitive,Isoetharine;Norepinephrine;Phenylpropanolamine;Dipivefrin;Epinephrine;Dobutamine;Pseudoephedrine;Formoterol;Salbutamol;Isoprenaline;Arbutamine;Fenoterol;Pirbuterol;Ephedra sinica root;Ephedrine;Droxidopa;Racepinephrine
Clonidine,Yes,ADRA1D;ADRA1B;ADRA2B;ADRA1A;ADRA2C,aAR,1,No,;;;;,,,Competitive,Midodrine;Norepinephrine;Phenylephrine;Epinephrine;Methoxamine;Pergolide;Droxidopa;Xylometazoline;Cirazoline;Racepinephrine
Clozapine,No,;;;,,,Yes,ADRA2B;ADRA2C;ADRA1B;ADRA1A,aAR,1,Competitive,Ziprasidone;Prazosin;Trimipramine;Risperidone;Tolazoline;Fenoldopam;Phenoxybenzamine;Carvedilol;Quetiapine;Aripiprazole;Paliperidone;Yohimbine;Methotrimeprazine;Celiprolol;Dronedarone;Rotigotine;Mianserin;Pizotifen;Asenapine;Aripiprazole lauroxil
Cobimetinib,No,,,,Yes,MAP2K1,MEK12,65,Non-Competitive,Bosutinib;Trametinib;Selumetinib
Copanlisib,No,;,,,Yes,PIK3CA;PIK3CD,PI3K,83,Non-Competitive,Caffeine;Alpelisib
DL-Methylephedrine,Yes,ADRB1,BAR,10,No,,,,Competitive,Isoetharine;Norepinephrine;Phenylpropanolamine;Epinephrine;Dobutamine;Pseudoephedrine;Formoterol;Salbutamol;Isoprenaline;Arbutamine;Fenoterol;Pirbuterol;Ephedra sinica root;Ephedrine;Clenbuterol;Droxidopa;Racepinephrine
Dabrafenib,No,,,,Yes,RAF1,Raf1,91,Non-Competitive,Sorafenib;Regorafenib;Fostamatinib
Dacomitinib,No,,,,Yes,EGFR,EGFR,27,Non-Competitive,Lidocaine;Gefitinib;Erlotinib;Lapatinib;Vandetanib;Afatinib;Osimertinib;Necitumumab;Icotinib;Neratinib;Fostamatinib;Zalutumumab;Brigatinib;Olmutinib;Zanubrutinib
Dapiprazole,No,;;,,,Yes,ADRA1B;ADRA1D;ADRA1A,aAR,1,Competitive,Ziprasidone;Amitriptyline;Olanzapine;Alfuzosin;Clozapine;Prazosin;Imipramine;Chlorpromazine;Nortriptyline;Doxazosin;Nicardipine;Verapamil;Thioridazine;Phentolamine;Tamsulosin;Trimipramine;Risperidone;Fenoldopam;Quinidine;Phenoxybenzamine;Carvedilol;Doxepin;Nefazodone;Terazosin;Aripiprazole;Paliperidone;Methotrimeprazine;Dextroamphetamine;Periciazine;Acepromazine;Thioproperazine;Dronedarone;Pizotifen;Silodosin;Brexpiprazole;Aripiprazole lauroxil
Dextroamphetamine,No,,,,Yes,ADRA1B,aAR,1,Competitive,Ziprasidone;Dapiprazole;Amitriptyline;Olanzapine;Alfuzosin;Clozapine;Prazosin;Imipramine;Chlorpromazine;Nortriptyline;Doxazosin;Nicardipine;Verapamil;Thioridazine;Phentolamine;Tamsulosin;Trimipramine;Risperidone;Fenoldopam;Quinidine;Phenoxybenzamine;Carvedilol;Doxepin;Nefazodone;Terazosin;Aripiprazole;Paliperidone;Methotrimeprazine;Periciazine;Acepromazine;Thioproperazine;Dronedarone;Pizotifen;Silodosin;Brexpiprazole;Aripiprazole lauroxil
Dipivefrin,Yes,ADRA1A;ADRB2,aAR;BAR,10;1,No,;,,,Competitive,Midodrine;Norepinephrine;Phenylephrine;Clonidine;Metaraminol;Epinephrine;Methoxamine;Pseudoephedrine;Benzphetamine;Apraclonidine;Pergolide;Ergometrine;Ephedrine;4-Methoxyamphetamine;Phendimetrazine;Lofexidine;Droxidopa;Xylometazoline;Isometheptene;Naphazoline;Cirazoline;Racepinephrine
Dobutamine,Yes,ADRB1;ADRB2,BAR,10,No,;,,,Competitive,Isoetharine;Norepinephrine;Phenylpropanolamine;Epinephrine;Pseudoephedrine;Formoterol;Salbutamol;Isoprenaline;Arbutamine;Fenoterol;Pirbuterol;Ephedra sinica root;Ephedrine;Clenbuterol;Droxidopa;Racepinephrine;DL-Methylephedrine
Doxazosin,No,;;,,,Yes,ADRA1A;ADRA1D;ADRA1B,aAR,1,Competitive,Ziprasidone;Dapiprazole;Amitriptyline;Olanzapine;Alfuzosin;Clozapine;Promazine;Droperidol;Prazosin;Imipramine;Chlorpromazine;Nortriptyline;Amoxapine;Lamotrigine;Nicardipine;Trazodone;Verapamil;Thioridazine;Phentolamine;Nicergoline;Tamsulosin;Trimipramine;Risperidone;Propiomazine;Tolazoline;Fenoldopam;Trifluoperazine;Flupentixol;Quinidine;Phenoxybenzamine;Carvedilol;Doxepin;Nefazodone;Terazosin;Aripiprazole;Paliperidone;Bevantolol;Methotrimeprazine;Acepromazine;Thioproperazine;Zuclopenthixol;Dronedarone;Iloperidone;Pizotifen;Silodosin;Asenapine;Indoramin;Niguldipine;Propiverine;Aripiprazole lauroxil
Doxepin,No,;;,,,Yes,ADRA1B;ADRA1A;ADRA1D,aAR,1,Competitive,Ziprasidone;Dapiprazole;Amitriptyline;Olanzapine;Alfuzosin;Clozapine;Prazosin;Imipramine;Chlorpromazine;Nortriptyline;Doxazosin;Nicardipine;Verapamil;Thioridazine;Phentolamine;Tamsulosin;Trimipramine;Risperidone;Fenoldopam;Quinidine;Phenoxybenzamine;Carvedilol;Nefazodone;Terazosin;Aripiprazole;Paliperidone;Methotrimeprazine;Dextroamphetamine;Periciazine;Acepromazine;Thioproperazine;Dronedarone;Pizotifen;Silodosin;Brexpiprazole;Aripiprazole lauroxil
Dronedarone,No,;;;;;,,,Yes,ADRA2C;ADRA1B;ADRA1D;ADRB1;ADRA1A;ADRA2B,aAR;BAR,10;1,Non-Competitive,Ziprasidone;Clozapine;Risperidone;Tolazoline;Fenoldopam;Phenoxybenzamine;Carvedilol;Quetiapine;Aripiprazole;Paliperidone;Yohimbine;Methotrimeprazine;Celiprolol;Iloperidone;Mianserin;Pizotifen;Asenapine;Lurasidone;Brexpiprazole;Aripiprazole lauroxil
Droperidol,No,,,,Yes,ADRA1A,aAR,1,Competitive,Ziprasidone;Dapiprazole;Amitriptyline;Olanzapine;Alfuzosin;Clozapine;Promazine;Prazosin;Imipramine;Chlorpromazine;Nortriptyline;Amoxapine;Lamotrigine;Doxazosin;Nicardipine;Trazodone;Verapamil;Thioridazine;Phentolamine;Nicergoline;Tamsulosin;Trimipramine;Risperidone;Propiomazine;Tolazoline;Fenoldopam;Trifluoperazine;Flupentixol;Quinidine;Phenoxybenzamine;Carvedilol;Doxepin;Nefazodone;Terazosin;Aripiprazole;Paliperidone;Bevantolol;Methotrimeprazine;Acepromazine;Thioproperazine;Zuclopenthixol;Dronedarone;Iloperidone;Pizotifen;Silodosin;Asenapine;Indoramin;Niguldipine;Propiverine;Aripiprazole lauroxil
Droxidopa,Yes,ADRA2B;ADRB3;ADRA1A;ADRB2;ADRA2C;ADRB1;ADRA1D;ADRA1B,aAR;BAR,10;1,No,;;;;;;;,,,Competitive,Etomidate;Norepinephrine;Brimonidine;Clonidine;Epinephrine;Apomorphine;Apraclonidine;Ephedra sinica root;Metamfetamine;Xylometazoline;Racepinephrine
Duvelisib,No,;,,,Yes,PIK3CD;PIK3CG,PI3K,83,Non-Competitive,Caffeine;TG100-115;Idelalisib;Fostamatinib;Copanlisib
Ellagic acid,No,;,,,Yes,PRKACA;PRKCA,PKA;PKC,84;85,Non-Competitive,Fostamatinib
Ephedra sinica root,Yes,ADRA2C;ADRB1;ADRA2B;ADRB3;ADRB2,aAR;BAR,10;1,No,;;;;,,,Competitive,Norepinephrine;Brimonidine;Clonidine;Apomorphine;Metamfetamine;Droxidopa;Xylometazoline;Agmatine;Racepinephrine
Ephedrine,Yes,ADRA1A;ADRB2;ADRB1,aAR;BAR,10;1,No,;;,,,Competitive,Midodrine;Norepinephrine;Phenylephrine;Dipivefrin;Clonidine;Metaraminol;Epinephrine;Methoxamine;Pseudoephedrine;Benzphetamine;Apraclonidine;Pergolide;Ergometrine;4-Methoxyamphetamine;Phendimetrazine;Lofexidine;Droxidopa;Xylometazoline;Isometheptene;Naphazoline;Cirazoline;Racepinephrine
Epinephrine,Yes,ADRA1A;TNF;ADRB1;ADRA2B;ADRA1B;ADRB2;ADRA1D,aAR;TNFa;BAR,10;105;1,No,;;;;;;,,,Competitive,Midodrine;Norepinephrine;Phenylephrine;Dipivefrin;Clonidine;Metaraminol;Methoxamine;Pseudoephedrine;Benzphetamine;Apraclonidine;Pergolide;Ergometrine;Ephedrine;4-Methoxyamphetamine;Phendimetrazine;Lofexidine;Droxidopa;Xylometazoline;Isometheptene;Naphazoline;Cirazoline;Racepinephrine
Eprosartan,No,,,,Yes,AGTR1,AT1R,8,Competitive,Valsartan;Olmesartan;Losartan;Candesartan cilexetil;Telmisartan;Irbesartan;Forasartan;Saprisartan;Tasosartan;Azilsartan medoxomil;Fimasartan;Candesartan
Erdafitinib,No,;;;,,,Yes,FGFR3;FGFR4;FGFR2;FGFR1,FGFR,38,Non-Competitive,Pazopanib;Ponatinib;Lenvatinib;Fostamatinib;Pemigatinib
Ergometrine,Yes,ADRA1A,aAR,1,No,,,,Competitive,Midodrine;Norepinephrine;Phenylephrine;Dipivefrin;Clonidine;Metaraminol;Epinephrine;Methoxamine;Pseudoephedrine;Benzphetamine;Apraclonidine;Pergolide;Ephedrine;4-Methoxyamphetamine;Phendimetrazine;Lofexidine;Droxidopa;Xylometazoline;Isometheptene;Naphazoline;Cirazoline;Racepinephrine
Erlotinib,No,,,,Yes,EGFR,EGFR,27,Non-Competitive,Lidocaine;Gefitinib;Lapatinib;Vandetanib;Afatinib;Osimertinib;Necitumumab;Icotinib;Neratinib;Dacomitinib;Fostamatinib;Zalutumumab;Brigatinib;Olmutinib;Zanubrutinib
Erythrityl tetranitrate,Yes,NPR1,GCA,43,No,,,,Competitive,Nitroprusside;Nitroglycerin;Isosorbide dinitrate;Amyl Nitrite
Esmolol,No,,,,Yes,ADRB1,BAR,10,Competitive,Betaxolol;Ranolazine;Metoprolol;Atenolol;Timolol;Sotalol;Lamotrigine;Propranolol;Labetalol;Bisoprolol;Alprenolol;Terbutaline;Carvedilol;Propafenone;Nadolol;Levobunolol;Metipranolol;Aripiprazole;Bevantolol;Practolol;Penbutolol;Oxprenolol;Celiprolol;Dronedarone;Nebivolol;Asenapine;Bupranolol;Arotinolol;Levobetaxolol
Etomidate,Yes,ADRA2B,aAR,1,No,,,,Competitive,Norepinephrine;Brimonidine;Clonidine;Epinephrine;Apomorphine;Apraclonidine;Ephedra sinica root;Metamfetamine;Droxidopa;Xylometazoline;Racepinephrine
Everolimus,No,,,,Yes,MTOR,mTor,72,Non-Competitive,Sirolimus;Temsirolimus;Fostamatinib
Fedratinib,No,;,,,Yes,JAK2;JAK1,JAK,57,Non-Competitive,Ruxolitinib;Tofacitinib;Baricitinib;Fostamatinib;Zanubrutinib
Fenoldopam,No,;;;;,,,Yes,ADRA1D;ADRA2C;ADRA2B;ADRA1B;ADRA1A,aAR,1,Competitive,Dapiprazole;Amitriptyline;Alfuzosin;Prazosin;Imipramine;Nortriptyline;Doxazosin;Nicardipine;Verapamil;Phentolamine;Tamsulosin;Quinidine;Phenoxybenzamine;Carvedilol;Doxepin;Terazosin;Methotrimeprazine;Dronedarone;Pizotifen;Silodosin
Fenoterol,Yes,ADRB2;ADRB1;ADRB3,BAR,10,No,;;,,,Competitive,Isoetharine;Norepinephrine;Phenylpropanolamine;Dipivefrin;Epinephrine;Dobutamine;Pseudoephedrine;Formoterol;Salbutamol;Isoprenaline;Arbutamine;Pirbuterol;Ephedra sinica root;Ephedrine;Clenbuterol;Droxidopa;Racepinephrine
Fimasartan,No,,,,Yes,AGTR1,AT1R,8,Competitive,Valsartan;Olmesartan;Losartan;Candesartan cilexetil;Eprosartan;Telmisartan;Irbesartan;Forasartan;Saprisartan;Tasosartan;Azilsartan medoxomil;Candesartan
Fingolimod,No,,,,Yes,HDAC1,HDAC,47,Competitive,Vorinostat;Romidepsin
Flunarizine,No,,,,Yes,CALM1,CaM,15,Competitive,Chlorpromazine;Cinchocaine;Nicardipine;Fluphenazine;Trifluoperazine;Loperamide;Perphenazine;Phenoxybenzamine;Promethazine;Pimozide;Nifedipine;Aprindine
Flupentixol,No,,,,Yes,ADRA1A,aAR,1,Competitive,Ziprasidone;Dapiprazole;Amitriptyline;Olanzapine;Alfuzosin;Clozapine;Promazine;Droperidol;Prazosin;Imipramine;Chlorpromazine;Nortriptyline;Amoxapine;Lamotrigine;Doxazosin;Nicardipine;Trazodone;Verapamil;Thioridazine;Phentolamine;Nicergoline;Tamsulosin;Trimipramine;Risperidone;Propiomazine;Tolazoline;Fenoldopam;Trifluoperazine;Quinidine;Phenoxybenzamine;Carvedilol;Doxepin;Nefazodone;Terazosin;Aripiprazole;Paliperidone;Bevantolol;Methotrimeprazine;Acepromazine;Thioproperazine;Zuclopenthixol;Dronedarone;Iloperidone;Pizotifen;Silodosin;Asenapine;Indoramin;Niguldipine;Propiverine;Aripiprazole lauroxil
Fluphenazine,No,,,,Yes,CALM1,CaM,15,Competitive,Chlorpromazine;Cinchocaine;Nicardipine;Trifluoperazine;Loperamide;Perphenazine;Phenoxybenzamine;Promethazine;Pimozide;Nifedipine;Aprindine;Flunarizine
Fluvastatin,No,,,,Yes,HDAC2,HDAC,47,Competitive,Pravastatin;Valproic acid;Simvastatin;Atorvastatin;Vorinostat;Romidepsin
Forasartan,No,,,,Yes,AGTR1,AT1R,8,Competitive,Valsartan;Olmesartan;Losartan;Candesartan cilexetil;Eprosartan;Telmisartan;Irbesartan;Saprisartan;Tasosartan;Azilsartan medoxomil;Fimasartan;Candesartan
Foreskin keratinocyte (neonatal),Yes,EGFR,EGFR,27,No,,,,Competitive,
Formoterol,Yes,ADRB3;ADRB1;ADRB2,BAR,10,No,;;,,,Competitive,Norepinephrine;Salbutamol;Isoprenaline;Arbutamine;Fenoterol;Ephedra sinica root;Clenbuterol;Droxidopa;Racepinephrine
Fostamatinib,No,;;;;;;;;;;;;;;;;;;;;;;;;;;;;;;;;;;;;;;;;;,,,Yes,IKBKB;PRKACA;JAK1;PIK3CD;CAMK2G;PIK3CG;PRKACB;JAK2;GSK3B;CAMK2D;EGFR;FGFR2;CAMK2B;MAP3K3;MAP3K4;MAPKAPK5;FGFR1;PTK2;MAP2K2;MAP2K3;MAP3K2;MAP2K6;RAF1;MAP3K11;MAP2K5;ERBB2;PRKD1;FGFR3;CAMK2A;PIK3C2G;PIK3C2B;PDPK1;ERBB4;PRKCD;PRKCQ;MAPK13;MAPK14;PRKCI;MTOR;MAPK7;MAP3K1;PRKCE,MEK5;PDK1;mTor;IKK;FAK;ERK5;PKA;PKD;EGFR;MEK36;MAP3K23;MAP3K11;MAPKAPK;CaMK;p38;MEKK1;GSK3B;MAP3K4;ERBB;JAK;Raf1;FGFR;PI3K;MEK12;PKC,79;16;61;62;91;51;33;36;38;86;83;27;60;84;31;57;85;63;68;66;65;46;72;70;81,Non-Competitive,Mesalazine;Sulfasalazine;Acetylsalicylic acid;Auranofin;Acetylcysteine
Gefitinib,No,,,,Yes,EGFR,EGFR,27,Non-Competitive,Lidocaine;Erlotinib;Lapatinib;Vandetanib;Afatinib;Osimertinib;Necitumumab;Icotinib;Neratinib;Dacomitinib;Fostamatinib;Zalutumumab;Brigatinib;Olmutinib;Zanubrutinib
Ginseng,No,,,,Yes,IL6,IL6,52,Competitive,Siltuximab;Polaprezinc
Glycyrrhizic acid,No,,,,Yes,TNF,TNFa,105,Competitive,Infliximab;Chloroquine;Thalidomide;Amrinone;Pomalidomide;Polaprezinc
Hyaluronidase,No,,,,Yes,TGFB1,TGFB,103,Competitive,Hyaluronidase (ovine);Terazosin;Vorhyaluronidase alfa
Hyaluronidase (ovine),No,,,,Yes,TGFB1,TGFB,103,Competitive,Terazosin;Vorhyaluronidase alfa;Hyaluronidase
Icotinib,No,,,,Yes,EGFR,EGFR,27,Non-Competitive,Lidocaine;Gefitinib;Erlotinib;Lapatinib;Vandetanib;Afatinib;Osimertinib;Necitumumab;Neratinib;Dacomitinib;Fostamatinib;Zalutumumab;Brigatinib;Olmutinib;Zanubrutinib
Idelalisib,No,,,,Yes,PIK3CD,PI3K,83,Non-Competitive,Caffeine;TG100-115;Duvelisib;Fostamatinib;Copanlisib
Iloperidone,No,;,,,Yes,ADRA1A;ADRA2C,aAR,1,Competitive,Ziprasidone;Dapiprazole;Amitriptyline;Olanzapine;Alfuzosin;Clozapine;Promazine;Droperidol;Prazosin;Imipramine;Chlorpromazine;Nortriptyline;Amoxapine;Lamotrigine;Doxazosin;Nicardipine;Trazodone;Verapamil;Thioridazine;Phentolamine;Nicergoline;Tamsulosin;Trimipramine;Risperidone;Propiomazine;Tolazoline;Fenoldopam;Trifluoperazine;Flupentixol;Quinidine;Phenoxybenzamine;Carvedilol;Doxepin;Nefazodone;Terazosin;Aripiprazole;Paliperidone;Bevantolol;Methotrimeprazine;Acepromazine;Thioproperazine;Zuclopenthixol;Dronedarone;Pizotifen;Silodosin;Asenapine;Indoramin;Niguldipine;Propiverine;Aripiprazole lauroxil
Imipramine,No,;;,,,Yes,ADRA1D;ADRA1A;ADRA1B,aAR,1,Competitive,Dapiprazole;Amitriptyline;Alfuzosin;Prazosin;Nortriptyline;Doxazosin;Nicardipine;Verapamil;Phentolamine;Tamsulosin;Fenoldopam;Quinidine;Phenoxybenzamine;Carvedilol;Doxepin;Terazosin;Methotrimeprazine;Dronedarone;Pizotifen;Silodosin
Indoramin,No,,,,Yes,ADRA1A,aAR,1,Competitive,Ziprasidone;Dapiprazole;Amitriptyline;Olanzapine;Alfuzosin;Clozapine;Promazine;Droperidol;Prazosin;Imipramine;Chlorpromazine;Nortriptyline;Amoxapine;Lamotrigine;Doxazosin;Nicardipine;Trazodone;Verapamil;Thioridazine;Phentolamine;Nicergoline;Tamsulosin;Trimipramine;Risperidone;Propiomazine;Tolazoline;Fenoldopam;Trifluoperazine;Flupentixol;Quinidine;Phenoxybenzamine;Carvedilol;Doxepin;Nefazodone;Terazosin;Aripiprazole;Paliperidone;Bevantolol;Methotrimeprazine;Acepromazine;Thioproperazine;Zuclopenthixol;Dronedarone;Iloperidone;Pizotifen;Silodosin;Asenapine;Niguldipine;Propiverine;Aripiprazole lauroxil
Infliximab,No,,,,Yes,TNF,TNFa,105,Competitive,Chloroquine;Thalidomide;Amrinone;Pomalidomide;Polaprezinc;Glycyrrhizic acid
Irbesartan,No,;,,,Yes,JUN;AGTR1,cJun;AT1R,8;22,Competitive,Adapalene
Isoetharine,Yes,ADRB2;ADRB1,BAR,10,No,;,,,Competitive,Norepinephrine;Phenylpropanolamine;Dipivefrin;Epinephrine;Dobutamine;Pseudoephedrine;Formoterol;Salbutamol;Isoprenaline;Arbutamine;Fenoterol;Pirbuterol;Ephedra sinica root;Ephedrine;Clenbuterol;Droxidopa;Racepinephrine
Isometheptene,Yes,ADRA1A,aAR,1,No,,,,Competitive,Midodrine;Norepinephrine;Phenylephrine;Dipivefrin;Clonidine;Metaraminol;Epinephrine;Methoxamine;Pseudoephedrine;Benzphetamine;Apraclonidine;Pergolide;Ergometrine;Ephedrine;4-Methoxyamphetamine;Phendimetrazine;Lofexidine;Droxidopa;Xylometazoline;Naphazoline;Cirazoline;Racepinephrine
Isoprenaline,Yes,MAPK1;ADRB3;ADRB2;ADRB1,BAR;ERK12,32;10,No,;;;,,,Competitive,Arsenic trioxide
Isosorbide dinitrate,Yes,NPR1,GCA,43,No,,,,Competitive,Nitroprusside;Nitroglycerin;Amyl Nitrite;Erythrityl tetranitrate
Labetalol,No,;,,,Yes,ADRB2;ADRB1,BAR,10,Competitive,Betaxolol;Metoprolol;Atenolol;Timolol;Sotalol;Propranolol;Bisoprolol;Alprenolol;Terbutaline;Phenoxybenzamine;Carvedilol;Propafenone;Nadolol;Levobunolol;Metipranolol;Aripiprazole;Bevantolol;Penbutolol;Oxprenolol;Celiprolol;Nebivolol;Asenapine;Bupranolol;Arotinolol
Lamotrigine,No,;,,,Yes,ADRA1A;ADRB1,aAR;BAR,10;1,Competitive,Ziprasidone;Dapiprazole;Amitriptyline;Olanzapine;Alfuzosin;Clozapine;Promazine;Droperidol;Prazosin;Imipramine;Chlorpromazine;Nortriptyline;Amoxapine;Doxazosin;Nicardipine;Trazodone;Verapamil;Thioridazine;Phentolamine;Nicergoline;Tamsulosin;Trimipramine;Risperidone;Propiomazine;Tolazoline;Fenoldopam;Trifluoperazine;Flupentixol;Quinidine;Phenoxybenzamine;Carvedilol;Doxepin;Nefazodone;Terazosin;Aripiprazole;Paliperidone;Bevantolol;Methotrimeprazine;Acepromazine;Thioproperazine;Zuclopenthixol;Dronedarone;Iloperidone;Pizotifen;Silodosin;Asenapine;Indoramin;Niguldipine;Propiverine;Aripiprazole lauroxil
Lapatinib,No,;,,,Yes,EGFR;ERBB2,ERBB;EGFR,27;31,Non-Competitive,Lidocaine;Gefitinib;Erlotinib;Vandetanib;Afatinib;Osimertinib;Necitumumab;Icotinib;Neratinib;Dacomitinib;Fostamatinib;Zalutumumab;Brigatinib;Olmutinib;Zanubrutinib
Latrunculin A,No,,,,Yes,ACTA1,sACT,95,Non-Competitive,
Lenvatinib,No,;;;,,,Yes,FGFR2;FGFR3;FGFR4;FGFR1,FGFR,38,Non-Competitive,Thalidomide;Regorafenib;Ponatinib;Fostamatinib;Erdafitinib;Pemigatinib
Levobetaxolol,No,,,,Yes,ADRB1,BAR,10,Competitive,Esmolol;Betaxolol;Ranolazine;Metoprolol;Atenolol;Timolol;Sotalol;Lamotrigine;Propranolol;Labetalol;Bisoprolol;Alprenolol;Terbutaline;Carvedilol;Propafenone;Nadolol;Levobunolol;Metipranolol;Aripiprazole;Bevantolol;Practolol;Penbutolol;Oxprenolol;Celiprolol;Dronedarone;Nebivolol;Asenapine;Bupranolol;Arotinolol
Levobunolol,No,;,,,Yes,ADRB1;ADRB2,BAR,10,Competitive,Esmolol;Betaxolol;Ranolazine;Metoprolol;Atenolol;Timolol;Sotalol;Lamotrigine;Propranolol;Labetalol;Bisoprolol;Alprenolol;Terbutaline;Carvedilol;Propafenone;Nadolol;Metipranolol;Aripiprazole;Bevantolol;Practolol;Penbutolol;Oxprenolol;Celiprolol;Dronedarone;Nebivolol;Asenapine;Bupranolol;Arotinolol;Levobetaxolol
Lidocaine,No,,,,Yes,EGFR,EGFR,27,Non-Competitive,Gefitinib;Erlotinib;Lapatinib;Vandetanib;Afatinib;Osimertinib;Necitumumab;Icotinib;Neratinib;Dacomitinib;Fostamatinib;Zalutumumab;Brigatinib;Olmutinib;Zanubrutinib
Linsitinib,No,,,,Yes,IGF1R,IGF1R,49,Non-Competitive,Teprotumumab;Brigatinib
Lithium cation,No,,,,Yes,GSK3B,GSK3B,46,Non-Competitive,Fostamatinib;Tideglusib
Lofexidine,Yes,ADRA1A,aAR,1,No,,,,Competitive,Midodrine;Norepinephrine;Phenylephrine;Dipivefrin;Clonidine;Metaraminol;Epinephrine;Methoxamine;Pseudoephedrine;Benzphetamine;Apraclonidine;Pergolide;Ergometrine;Ephedrine;4-Methoxyamphetamine;Phendimetrazine;Droxidopa;Xylometazoline;Isometheptene;Naphazoline;Cirazoline;Racepinephrine
Loperamide,No,,,,Yes,CALM1,CaM,15,Competitive,Chlorpromazine;Cinchocaine;Nicardipine;Fluphenazine;Trifluoperazine;Perphenazine;Phenoxybenzamine;Promethazine;Pimozide;Nifedipine;Aprindine;Flunarizine
Losartan,No,,,,Yes,AGTR1,AT1R,8,Competitive,Valsartan;Olmesartan;Candesartan cilexetil;Eprosartan;Telmisartan;Irbesartan;Forasartan;Saprisartan;Tasosartan;Azilsartan medoxomil;Fimasartan;Candesartan
Lurasidone,No,,,,Yes,ADRA2C,aAR,1,Competitive,Ziprasidone;Clozapine;Risperidone;Tolazoline;Fenoldopam;Phenoxybenzamine;Carvedilol;Quetiapine;Aripiprazole;Paliperidone;Yohimbine;Methotrimeprazine;Celiprolol;Dronedarone;Iloperidone;Mianserin;Pizotifen;Asenapine;Brexpiprazole;Aripiprazole lauroxil
MRTX849,No,,,,Yes,KRAS,Ras,93,Non-Competitive,AMG-510
Macitentan,No,;,,,Yes,EDNRB;EDNRA,ET1R,35,Competitive,Bosentan;Sitaxentan;Ambrisentan
Mecasermin,Yes,IGF1R,IGF1R,49,No,,,,Competitive,Mecasermin rinfabate
Mecasermin rinfabate,Yes,IGF1R,IGF1R,49,No,,,,Competitive,Mecasermin
Mesalazine,No,,,,Yes,IKBKB,IKK,51,Non-Competitive,Sulfasalazine;Acetylsalicylic acid;Auranofin;Acetylcysteine;Fostamatinib
Metamfetamine,Yes,ADRA2C;ADRA2B,aAR,1,No,;,,,Competitive,Norepinephrine;Brimonidine;Clonidine;Apomorphine;Ephedra sinica root;Droxidopa;Xylometazoline;Agmatine;Racepinephrine
Metaraminol,Yes,ADRA1A,aAR,1,No,,,,Competitive,Midodrine;Norepinephrine;Phenylephrine;Dipivefrin;Clonidine;Epinephrine;Methoxamine;Pseudoephedrine;Benzphetamine;Apraclonidine;Pergolide;Ergometrine;Ephedrine;4-Methoxyamphetamine;Phendimetrazine;Lofexidine;Droxidopa;Xylometazoline;Isometheptene;Naphazoline;Cirazoline;Racepinephrine
Methotrimeprazine,No,;;;;,,,Yes,ADRA1A;ADRA1B;ADRA1D;ADRA2C;ADRA2B,aAR,1,Competitive,Ziprasidone;Dapiprazole;Amitriptyline;Olanzapine;Alfuzosin;Clozapine;Promazine;Droperidol;Prazosin;Imipramine;Chlorpromazine;Nortriptyline;Amoxapine;Lamotrigine;Doxazosin;Nicardipine;Trazodone;Verapamil;Thioridazine;Phentolamine;Nicergoline;Tamsulosin;Trimipramine;Risperidone;Propiomazine;Tolazoline;Fenoldopam;Trifluoperazine;Flupentixol;Quinidine;Phenoxybenzamine;Carvedilol;Doxepin;Nefazodone;Terazosin;Aripiprazole;Paliperidone;Bevantolol;Acepromazine;Thioproperazine;Zuclopenthixol;Dronedarone;Iloperidone;Pizotifen;Silodosin;Asenapine;Indoramin;Niguldipine;Propiverine;Aripiprazole lauroxil
Methoxamine,Yes,ADRA1B;ADRA1A;ADRA1D,aAR,1,No,;;,,,Competitive,Midodrine;Norepinephrine;Phenylephrine;Clonidine;Epinephrine;Pergolide;Phendimetrazine;Droxidopa;Xylometazoline;Cirazoline;Racepinephrine
Methylene blue,No,,,,Yes,GUCY1A2,sGC,97,Competitive,
Metipranolol,No,;,,,Yes,ADRB2;ADRB1,BAR,10,Competitive,Betaxolol;Metoprolol;Atenolol;Timolol;Sotalol;Propranolol;Labetalol;Bisoprolol;Alprenolol;Terbutaline;Phenoxybenzamine;Carvedilol;Propafenone;Nadolol;Levobunolol;Aripiprazole;Bevantolol;Penbutolol;Oxprenolol;Celiprolol;Nebivolol;Asenapine;Bupranolol;Arotinolol
Metoprolol,No,;,,,Yes,ADRB1;ADRB2,BAR,10,Competitive,Esmolol;Betaxolol;Ranolazine;Atenolol;Timolol;Sotalol;Lamotrigine;Propranolol;Labetalol;Bisoprolol;Alprenolol;Terbutaline;Carvedilol;Propafenone;Nadolol;Levobunolol;Metipranolol;Aripiprazole;Bevantolol;Practolol;Penbutolol;Oxprenolol;Celiprolol;Dronedarone;Nebivolol;Asenapine;Bupranolol;Arotinolol;Levobetaxolol
Mianserin,No,;,,,Yes,ADRA2B;ADRA2C,aAR,1,Competitive,Ziprasidone;Clozapine;Prazosin;Trimipramine;Risperidone;Tolazoline;Fenoldopam;Phenoxybenzamine;Carvedilol;Quetiapine;Aripiprazole;Paliperidone;Yohimbine;Methotrimeprazine;Celiprolol;Dronedarone;Rotigotine;Pizotifen;Asenapine;Aripiprazole lauroxil
Miconazole,No,,,,Yes,NOS3,NOS,77,Competitive,
Midodrine,Yes,ADRA1A;ADRA1D;ADRA1B,aAR,1,No,;;,,,Competitive,Norepinephrine;Phenylephrine;Dipivefrin;Clonidine;Metaraminol;Epinephrine;Methoxamine;Pseudoephedrine;Benzphetamine;Apraclonidine;Pergolide;Ergometrine;Ephedrine;4-Methoxyamphetamine;Phendimetrazine;Lofexidine;Droxidopa;Xylometazoline;Isometheptene;Naphazoline;Cirazoline;Racepinephrine
Midostaurin,No,,,,Yes,PRKCA,PKC,85,Non-Competitive,Ellagic acid
Nadolol,No,;,,,Yes,ADRB1;ADRB2,BAR,10,Competitive,Esmolol;Betaxolol;Ranolazine;Metoprolol;Atenolol;Timolol;Sotalol;Lamotrigine;Propranolol;Labetalol;Bisoprolol;Alprenolol;Terbutaline;Carvedilol;Propafenone;Levobunolol;Metipranolol;Aripiprazole;Bevantolol;Practolol;Penbutolol;Oxprenolol;Celiprolol;Dronedarone;Nebivolol;Asenapine;Bupranolol;Arotinolol;Levobetaxolol
Nadroparin,No,,,,Yes,FOS,cFos,20,Competitive,
Naphazoline,Yes,ADRA1A,aAR,1,No,,,,Competitive,Midodrine;Norepinephrine;Phenylephrine;Dipivefrin;Clonidine;Metaraminol;Epinephrine;Methoxamine;Pseudoephedrine;Benzphetamine;Apraclonidine;Pergolide;Ergometrine;Ephedrine;4-Methoxyamphetamine;Phendimetrazine;Lofexidine;Droxidopa;Xylometazoline;Isometheptene;Cirazoline;Racepinephrine
Nebivolol,No,;;,,,Yes,ADRB3;ADRB2;ADRB1,BAR,10,Competitive,Propranolol;Alprenolol;Terbutaline;Oxprenolol;Celiprolol;Bupranolol
Necitumumab,No,,,,Yes,EGFR,EGFR,27,Non-Competitive,Lidocaine;Gefitinib;Erlotinib;Lapatinib;Vandetanib;Afatinib;Osimertinib;Icotinib;Neratinib;Dacomitinib;Fostamatinib;Zalutumumab;Brigatinib;Olmutinib;Zanubrutinib
Nefazodone,No,;,,,Yes,ADRA1A;ADRA1B,aAR,1,Competitive,Ziprasidone;Dapiprazole;Amitriptyline;Olanzapine;Alfuzosin;Clozapine;Promazine;Droperidol;Prazosin;Imipramine;Chlorpromazine;Nortriptyline;Amoxapine;Lamotrigine;Doxazosin;Nicardipine;Trazodone;Verapamil;Thioridazine;Phentolamine;Nicergoline;Tamsulosin;Trimipramine;Risperidone;Propiomazine;Tolazoline;Fenoldopam;Trifluoperazine;Flupentixol;Quinidine;Phenoxybenzamine;Carvedilol;Doxepin;Terazosin;Aripiprazole;Paliperidone;Bevantolol;Methotrimeprazine;Acepromazine;Thioproperazine;Zuclopenthixol;Dronedarone;Iloperidone;Pizotifen;Silodosin;Asenapine;Indoramin;Niguldipine;Propiverine;Aripiprazole lauroxil
Neratinib,No,,,,Yes,EGFR,EGFR,27,Non-Competitive,Lidocaine;Gefitinib;Erlotinib;Lapatinib;Vandetanib;Afatinib;Osimertinib;Necitumumab;Icotinib;Dacomitinib;Fostamatinib;Zalutumumab;Brigatinib;Olmutinib;Zanubrutinib
Nicardipine,No,;;;,,,Yes,CALM1;ADRA1B;ADRA1D;ADRA1A,aAR;CaM,1;15,Competitive,Chlorpromazine;Cinchocaine;Fluphenazine;Trifluoperazine;Loperamide;Perphenazine;Phenoxybenzamine;Promethazine;Pimozide;Nifedipine;Aprindine;Flunarizine
Nicergoline,No,,,,Yes,ADRA1A,aAR,1,Competitive,Ziprasidone;Dapiprazole;Amitriptyline;Olanzapine;Alfuzosin;Clozapine;Promazine;Droperidol;Prazosin;Imipramine;Chlorpromazine;Nortriptyline;Amoxapine;Lamotrigine;Doxazosin;Nicardipine;Trazodone;Verapamil;Thioridazine;Phentolamine;Tamsulosin;Trimipramine;Risperidone;Propiomazine;Tolazoline;Fenoldopam;Trifluoperazine;Flupentixol;Quinidine;Phenoxybenzamine;Carvedilol;Doxepin;Nefazodone;Terazosin;Aripiprazole;Paliperidone;Bevantolol;Methotrimeprazine;Acepromazine;Thioproperazine;Zuclopenthixol;Dronedarone;Iloperidone;Pizotifen;Silodosin;Asenapine;Indoramin;Niguldipine;Propiverine;Aripiprazole lauroxil
Nifedipine,No,,,,Yes,CALM1,CaM,15,Competitive,Chlorpromazine;Cinchocaine;Nicardipine;Fluphenazine;Trifluoperazine;Loperamide;Perphenazine;Phenoxybenzamine;Promethazine;Pimozide;Aprindine;Flunarizine
Niguldipine,No,,,,Yes,ADRA1A,aAR,1,Competitive,Ziprasidone;Dapiprazole;Amitriptyline;Olanzapine;Alfuzosin;Clozapine;Promazine;Droperidol;Prazosin;Imipramine;Chlorpromazine;Nortriptyline;Amoxapine;Lamotrigine;Doxazosin;Nicardipine;Trazodone;Verapamil;Thioridazine;Phentolamine;Nicergoline;Tamsulosin;Trimipramine;Risperidone;Propiomazine;Tolazoline;Fenoldopam;Trifluoperazine;Flupentixol;Quinidine;Phenoxybenzamine;Carvedilol;Doxepin;Nefazodone;Terazosin;Aripiprazole;Paliperidone;Bevantolol;Methotrimeprazine;Acepromazine;Thioproperazine;Zuclopenthixol;Dronedarone;Iloperidone;Pizotifen;Silodosin;Asenapine;Indoramin;Propiverine;Aripiprazole lauroxil
Nitric Oxide,Yes,GUCY1A2,sGC,97,No,,,,Competitive,Riociguat;Plecanatide
Nitroglycerin,Yes,NPR1,GCA,43,No,,,,Competitive,Nitroprusside;Isosorbide dinitrate;Amyl Nitrite;Erythrityl tetranitrate
Nitroprusside,Yes,NPR1,GCA,43,No,,,,Competitive,Nitroglycerin;Isosorbide dinitrate;Amyl Nitrite;Erythrityl tetranitrate
Norepinephrine,Yes,ADRA1B;ADRA1A;ADRB2;ADRA2C;ADRA2B;ADRB1;ADRA1D;ADRB3,aAR;BAR,10;1,No,;;;;;;;,,,Competitive,Midodrine;Phenylephrine;Clonidine;Epinephrine;Methoxamine;Pergolide;Phendimetrazine;Droxidopa;Xylometazoline;Cirazoline;Racepinephrine
Nortriptyline,No,;;,,,Yes,ADRA1B;ADRA1A;ADRA1D,aAR,1,Competitive,Ziprasidone;Dapiprazole;Amitriptyline;Olanzapine;Alfuzosin;Clozapine;Prazosin;Imipramine;Chlorpromazine;Doxazosin;Nicardipine;Verapamil;Thioridazine;Phentolamine;Tamsulosin;Trimipramine;Risperidone;Fenoldopam;Quinidine;Phenoxybenzamine;Carvedilol;Doxepin;Nefazodone;Terazosin;Aripiprazole;Paliperidone;Methotrimeprazine;Dextroamphetamine;Periciazine;Acepromazine;Thioproperazine;Dronedarone;Pizotifen;Silodosin;Brexpiprazole;Aripiprazole lauroxil
Olanzapine,No,;,,,Yes,ADRA1A;ADRA1B,aAR,1,Competitive,Ziprasidone;Dapiprazole;Amitriptyline;Alfuzosin;Clozapine;Promazine;Droperidol;Prazosin;Imipramine;Chlorpromazine;Nortriptyline;Amoxapine;Lamotrigine;Doxazosin;Nicardipine;Trazodone;Verapamil;Thioridazine;Phentolamine;Nicergoline;Tamsulosin;Trimipramine;Risperidone;Propiomazine;Tolazoline;Fenoldopam;Trifluoperazine;Flupentixol;Quinidine;Phenoxybenzamine;Carvedilol;Doxepin;Nefazodone;Terazosin;Aripiprazole;Paliperidone;Bevantolol;Methotrimeprazine;Acepromazine;Thioproperazine;Zuclopenthixol;Dronedarone;Iloperidone;Pizotifen;Silodosin;Asenapine;Indoramin;Niguldipine;Propiverine;Aripiprazole lauroxil
Olmesartan,No,,,,Yes,AGTR1,AT1R,8,Competitive,Valsartan;Losartan;Candesartan cilexetil;Eprosartan;Telmisartan;Irbesartan;Forasartan;Saprisartan;Tasosartan;Azilsartan medoxomil;Fimasartan;Candesartan
Olmutinib,No,,,,Yes,EGFR,EGFR,27,Non-Competitive,Lidocaine;Gefitinib;Erlotinib;Lapatinib;Vandetanib;Afatinib;Osimertinib;Necitumumab;Icotinib;Neratinib;Dacomitinib;Fostamatinib;Zalutumumab;Brigatinib;Zanubrutinib
Osimertinib,No,,,,Yes,EGFR,EGFR,27,Non-Competitive,Lidocaine;Gefitinib;Erlotinib;Lapatinib;Vandetanib;Afatinib;Necitumumab;Icotinib;Neratinib;Dacomitinib;Fostamatinib;Zalutumumab;Brigatinib;Olmutinib;Zanubrutinib
Oxprenolol,No,;;,,,Yes,ADRB1;ADRB2;ADRB3,BAR,10,Competitive,Esmolol;Betaxolol;Ranolazine;Metoprolol;Atenolol;Timolol;Sotalol;Lamotrigine;Propranolol;Labetalol;Bisoprolol;Alprenolol;Terbutaline;Carvedilol;Propafenone;Nadolol;Levobunolol;Metipranolol;Aripiprazole;Bevantolol;Practolol;Penbutolol;Celiprolol;Dronedarone;Nebivolol;Asenapine;Bupranolol;Arotinolol;Levobetaxolol
Paliperidone,No,;;;,,,Yes,ADRA2C;ADRA1A;ADRA1B;ADRA2B,aAR,1,Competitive,Ziprasidone;Clozapine;Risperidone;Tolazoline;Fenoldopam;Phenoxybenzamine;Carvedilol;Quetiapine;Aripiprazole;Yohimbine;Methotrimeprazine;Celiprolol;Dronedarone;Iloperidone;Mianserin;Pizotifen;Asenapine;Lurasidone;Brexpiprazole;Aripiprazole lauroxil
Pazopanib,No,;,,,Yes,FGFR3;FGF1,FGF;FGFR,38;37,Non-Competitive,Ponatinib;Lenvatinib;Fostamatinib;Erdafitinib;Pemigatinib
Pemigatinib,No,;;;,,,Yes,FGFR1;FGFR3;FGFR4;FGFR2,FGFR,38,Non-Competitive,Sorafenib;Regorafenib;Ponatinib;Lenvatinib;Fostamatinib;Erdafitinib
Penbutolol,No,;,,,Yes,ADRB1;ADRB2,BAR,10,Competitive,Esmolol;Betaxolol;Ranolazine;Metoprolol;Atenolol;Timolol;Sotalol;Lamotrigine;Propranolol;Labetalol;Bisoprolol;Alprenolol;Terbutaline;Carvedilol;Propafenone;Nadolol;Levobunolol;Metipranolol;Aripiprazole;Bevantolol;Practolol;Oxprenolol;Celiprolol;Dronedarone;Nebivolol;Asenapine;Bupranolol;Arotinolol;Levobetaxolol
Pentosan polysulfate,No,;;,,,Yes,FGF1;FGF2;FGF4,FGF,37,Competitive,Amlexanox;Pazopanib
Pergolide,Yes,ADRA1A;ADRA1B;ADRA1D,aAR,1,No,;;,,,Competitive,Midodrine;Norepinephrine;Phenylephrine;Dipivefrin;Clonidine;Metaraminol;Epinephrine;Methoxamine;Pseudoephedrine;Benzphetamine;Apraclonidine;Ergometrine;Ephedrine;4-Methoxyamphetamine;Phendimetrazine;Lofexidine;Droxidopa;Xylometazoline;Isometheptene;Naphazoline;Cirazoline;Racepinephrine
Periciazine,No,,,,Yes,ADRA1B,aAR,1,Competitive,Ziprasidone;Dapiprazole;Amitriptyline;Olanzapine;Alfuzosin;Clozapine;Prazosin;Imipramine;Chlorpromazine;Nortriptyline;Doxazosin;Nicardipine;Verapamil;Thioridazine;Phentolamine;Tamsulosin;Trimipramine;Risperidone;Fenoldopam;Quinidine;Phenoxybenzamine;Carvedilol;Doxepin;Nefazodone;Terazosin;Aripiprazole;Paliperidone;Methotrimeprazine;Dextroamphetamine;Acepromazine;Thioproperazine;Dronedarone;Pizotifen;Silodosin;Brexpiprazole;Aripiprazole lauroxil
Perphenazine,No,,,,Yes,CALM1,CaM,15,Competitive,Chlorpromazine;Cinchocaine;Nicardipine;Fluphenazine;Trifluoperazine;Loperamide;Phenoxybenzamine;Promethazine;Pimozide;Nifedipine;Aprindine;Flunarizine
Pertuzumab,No,,,,Yes,ERBB2,ERBB,31,Non-Competitive,Lapatinib;Afatinib;Fostamatinib;Brigatinib;Zanubrutinib
Phendimetrazine,Yes,ADRA1B;ADRA1A,aAR,1,No,;,,,Competitive,Midodrine;Norepinephrine;Phenylephrine;Clonidine;Epinephrine;Methoxamine;Pergolide;Droxidopa;Xylometazoline;Cirazoline;Racepinephrine
Phenoxybenzamine,No,;;;;;;,,,Yes,ADRA2C;ADRA1D;ADRA2B;ADRA1A;ADRA1B;ADRB2;CALM1,aAR;CaM;BAR,10;15;1,Competitive,Ziprasidone;Clozapine;Risperidone;Tolazoline;Fenoldopam;Carvedilol;Quetiapine;Aripiprazole;Paliperidone;Yohimbine;Methotrimeprazine;Celiprolol;Dronedarone;Iloperidone;Mianserin;Pizotifen;Asenapine;Lurasidone;Brexpiprazole;Aripiprazole lauroxil
Phentolamine,No,;;,,,Yes,ADRA1D;ADRA1A;ADRA1B,aAR,1,Competitive,Dapiprazole;Amitriptyline;Alfuzosin;Prazosin;Imipramine;Nortriptyline;Doxazosin;Nicardipine;Verapamil;Tamsulosin;Fenoldopam;Quinidine;Phenoxybenzamine;Carvedilol;Doxepin;Terazosin;Methotrimeprazine;Dronedarone;Pizotifen;Silodosin
Phenylephrine,Yes,ADRA1B;ADRA1D;ADRA1A,aAR,1,No,;;,,,Competitive,Midodrine;Norepinephrine;Clonidine;Epinephrine;Methoxamine;Pergolide;Phendimetrazine;Droxidopa;Xylometazoline;Cirazoline;Racepinephrine
Phenylpropanolamine,Yes,ADRB1;ADRB2,BAR,10,No,;,,,Competitive,Isoetharine;Norepinephrine;Epinephrine;Dobutamine;Pseudoephedrine;Formoterol;Salbutamol;Isoprenaline;Arbutamine;Fenoterol;Pirbuterol;Ephedra sinica root;Ephedrine;Clenbuterol;Droxidopa;Racepinephrine;DL-Methylephedrine
Pimozide,No,,,,Yes,CALM1,CaM,15,Competitive,Chlorpromazine;Cinchocaine;Nicardipine;Fluphenazine;Trifluoperazine;Loperamide;Perphenazine;Phenoxybenzamine;Promethazine;Nifedipine;Aprindine;Flunarizine
Pirbuterol,Yes,ADRB1;ADRB2,BAR,10,No,;,,,Competitive,Isoetharine;Norepinephrine;Phenylpropanolamine;Epinephrine;Dobutamine;Pseudoephedrine;Formoterol;Salbutamol;Isoprenaline;Arbutamine;Fenoterol;Ephedra sinica root;Ephedrine;Clenbuterol;Droxidopa;Racepinephrine;DL-Methylephedrine
Pizotifen,No,;;;;,,,Yes,ADRA1B;ADRA1D;ADRA2C;ADRA1A;ADRA2B,aAR,1,Competitive,Ziprasidone;Dapiprazole;Amitriptyline;Olanzapine;Alfuzosin;Clozapine;Prazosin;Imipramine;Chlorpromazine;Nortriptyline;Doxazosin;Nicardipine;Verapamil;Thioridazine;Phentolamine;Tamsulosin;Trimipramine;Risperidone;Fenoldopam;Quinidine;Phenoxybenzamine;Carvedilol;Doxepin;Nefazodone;Terazosin;Aripiprazole;Paliperidone;Methotrimeprazine;Dextroamphetamine;Periciazine;Acepromazine;Thioproperazine;Dronedarone;Silodosin;Brexpiprazole;Aripiprazole lauroxil
Plecanatide,Yes,GUCY1A2,sGC,97,No,,,,Competitive,Nitric Oxide;Riociguat
Polaprezinc,No,;,,,Yes,TNF;IL6,TNFa;IL6,52;105,Competitive,Infliximab;Chloroquine;Thalidomide;Amrinone;Pomalidomide;Glycyrrhizic acid
Pomalidomide,No,,,,Yes,TNF,TNFa,105,Competitive,Infliximab;Chloroquine;Thalidomide;Amrinone;Polaprezinc;Glycyrrhizic acid
Ponatinib,No,;;;,,,Yes,FGFR1;FGFR4;FGFR3;FGFR2,FGFR,38,Non-Competitive,Sorafenib;Regorafenib;Lenvatinib;Fostamatinib;Erdafitinib;Pemigatinib
Practolol,No,,,,Yes,ADRB1,BAR,10,Competitive,Esmolol;Betaxolol;Ranolazine;Metoprolol;Atenolol;Timolol;Sotalol;Lamotrigine;Propranolol;Labetalol;Bisoprolol;Alprenolol;Terbutaline;Carvedilol;Propafenone;Nadolol;Levobunolol;Metipranolol;Aripiprazole;Bevantolol;Penbutolol;Oxprenolol;Celiprolol;Dronedarone;Nebivolol;Asenapine;Bupranolol;Arotinolol;Levobetaxolol
Pravastatin,No,,,,Yes,HDAC2,HDAC,47,Competitive,Valproic acid;Simvastatin;Atorvastatin;Fluvastatin;Vorinostat;Romidepsin
Prazosin,No,;;;,,,Yes,ADRA1A;ADRA2B;ADRA1D;ADRA1B,aAR,1,Competitive,Ziprasidone;Dapiprazole;Amitriptyline;Olanzapine;Alfuzosin;Clozapine;Promazine;Droperidol;Imipramine;Chlorpromazine;Nortriptyline;Amoxapine;Lamotrigine;Doxazosin;Nicardipine;Trazodone;Verapamil;Thioridazine;Phentolamine;Nicergoline;Tamsulosin;Trimipramine;Risperidone;Propiomazine;Tolazoline;Fenoldopam;Trifluoperazine;Flupentixol;Quinidine;Phenoxybenzamine;Carvedilol;Doxepin;Nefazodone;Terazosin;Aripiprazole;Paliperidone;Bevantolol;Methotrimeprazine;Acepromazine;Thioproperazine;Zuclopenthixol;Dronedarone;Iloperidone;Pizotifen;Silodosin;Asenapine;Indoramin;Niguldipine;Propiverine;Aripiprazole lauroxil
Promazine,No,,,,Yes,ADRA1A,aAR,1,Competitive,Ziprasidone;Dapiprazole;Amitriptyline;Olanzapine;Alfuzosin;Clozapine;Droperidol;Prazosin;Imipramine;Chlorpromazine;Nortriptyline;Amoxapine;Lamotrigine;Doxazosin;Nicardipine;Trazodone;Verapamil;Thioridazine;Phentolamine;Nicergoline;Tamsulosin;Trimipramine;Risperidone;Propiomazine;Tolazoline;Fenoldopam;Trifluoperazine;Flupentixol;Quinidine;Phenoxybenzamine;Carvedilol;Doxepin;Nefazodone;Terazosin;Aripiprazole;Paliperidone;Bevantolol;Methotrimeprazine;Acepromazine;Thioproperazine;Zuclopenthixol;Dronedarone;Iloperidone;Pizotifen;Silodosin;Asenapine;Indoramin;Niguldipine;Propiverine;Aripiprazole lauroxil
Promethazine,No,,,,Yes,CALM1,CaM,15,Competitive,Chlorpromazine;Cinchocaine;Nicardipine;Fluphenazine;Trifluoperazine;Loperamide;Perphenazine;Phenoxybenzamine;Pimozide;Nifedipine;Aprindine;Flunarizine
Propafenone,No,;,,,Yes,ADRB2;ADRB1,BAR,10,Competitive,Betaxolol;Metoprolol;Atenolol;Timolol;Sotalol;Propranolol;Labetalol;Bisoprolol;Alprenolol;Terbutaline;Phenoxybenzamine;Carvedilol;Nadolol;Levobunolol;Metipranolol;Aripiprazole;Bevantolol;Penbutolol;Oxprenolol;Celiprolol;Nebivolol;Asenapine;Bupranolol;Arotinolol
Propiomazine,No,,,,Yes,ADRA1A,aAR,1,Competitive,Ziprasidone;Dapiprazole;Amitriptyline;Olanzapine;Alfuzosin;Clozapine;Promazine;Droperidol;Prazosin;Imipramine;Chlorpromazine;Nortriptyline;Amoxapine;Lamotrigine;Doxazosin;Nicardipine;Trazodone;Verapamil;Thioridazine;Phentolamine;Nicergoline;Tamsulosin;Trimipramine;Risperidone;Tolazoline;Fenoldopam;Trifluoperazine;Flupentixol;Quinidine;Phenoxybenzamine;Carvedilol;Doxepin;Nefazodone;Terazosin;Aripiprazole;Paliperidone;Bevantolol;Methotrimeprazine;Acepromazine;Thioproperazine;Zuclopenthixol;Dronedarone;Iloperidone;Pizotifen;Silodosin;Asenapine;Indoramin;Niguldipine;Propiverine;Aripiprazole lauroxil
Propiverine,No,,,,Yes,ADRA1A,aAR,1,Competitive,Ziprasidone;Dapiprazole;Amitriptyline;Olanzapine;Alfuzosin;Clozapine;Promazine;Droperidol;Prazosin;Imipramine;Chlorpromazine;Nortriptyline;Amoxapine;Lamotrigine;Doxazosin;Nicardipine;Trazodone;Verapamil;Thioridazine;Phentolamine;Nicergoline;Tamsulosin;Trimipramine;Risperidone;Propiomazine;Tolazoline;Fenoldopam;Trifluoperazine;Flupentixol;Quinidine;Phenoxybenzamine;Carvedilol;Doxepin;Nefazodone;Terazosin;Aripiprazole;Paliperidone;Bevantolol;Methotrimeprazine;Acepromazine;Thioproperazine;Zuclopenthixol;Dronedarone;Iloperidone;Pizotifen;Silodosin;Asenapine;Indoramin;Niguldipine;Aripiprazole lauroxil
Propranolol,No,;;,,,Yes,ADRB2;ADRB3;ADRB1,BAR,10,Competitive,Betaxolol;Metoprolol;Atenolol;Timolol;Sotalol;Labetalol;Bisoprolol;Alprenolol;Terbutaline;Phenoxybenzamine;Carvedilol;Propafenone;Nadolol;Levobunolol;Metipranolol;Aripiprazole;Bevantolol;Penbutolol;Oxprenolol;Celiprolol;Nebivolol;Asenapine;Bupranolol;Arotinolol
Pseudoephedrine,Yes,ADRB1;ATF2;ADRA1A;ADRB2;NFKB1;TNF,aAR;NFkB;TNFa;BAR;ATF2,105;1;75;9;10,No,;;;;;,,,Competitive,Isoetharine;Norepinephrine;Phenylpropanolamine;Epinephrine;Dobutamine;Formoterol;Salbutamol;Isoprenaline;Arbutamine;Fenoterol;Pirbuterol;Ephedra sinica root;Ephedrine;Clenbuterol;Droxidopa;Racepinephrine;DL-Methylephedrine
Purvalanol,No,;,,,Yes,MAPK3;MAPK1,ERK12,32,Non-Competitive,Ulixertinib
Quetiapine,No,;,,,Yes,ADRA2B;ADRA2C,aAR,1,Competitive,Ziprasidone;Clozapine;Prazosin;Trimipramine;Risperidone;Tolazoline;Fenoldopam;Phenoxybenzamine;Carvedilol;Aripiprazole;Paliperidone;Yohimbine;Methotrimeprazine;Celiprolol;Dronedarone;Rotigotine;Mianserin;Pizotifen;Asenapine;Aripiprazole lauroxil
Quinidine,No,;;,,,Yes,ADRA1D;ADRA1B;ADRA1A,aAR,1,Competitive,Dapiprazole;Amitriptyline;Alfuzosin;Prazosin;Imipramine;Nortriptyline;Doxazosin;Nicardipine;Verapamil;Phentolamine;Tamsulosin;Fenoldopam;Phenoxybenzamine;Carvedilol;Doxepin;Terazosin;Methotrimeprazine;Dronedarone;Pizotifen;Silodosin
Racepinephrine,Yes,ADRB2;ADRA1D;ADRA2B;ADRB1;ADRA2C;ADRA1A;ADRA1B;ADRB3,aAR;BAR,10;1,No,;;;;;;;,,,Competitive,Isoetharine;Norepinephrine;Phenylpropanolamine;Dipivefrin;Epinephrine;Dobutamine;Pseudoephedrine;Formoterol;Salbutamol;Isoprenaline;Arbutamine;Fenoterol;Pirbuterol;Ephedra sinica root;Ephedrine;Clenbuterol;Droxidopa
Ranolazine,No,,,,Yes,ADRB1,BAR,10,Competitive,Esmolol;Betaxolol;Metoprolol;Atenolol;Timolol;Sotalol;Lamotrigine;Propranolol;Labetalol;Bisoprolol;Alprenolol;Terbutaline;Carvedilol;Propafenone;Nadolol;Levobunolol;Metipranolol;Aripiprazole;Bevantolol;Practolol;Penbutolol;Oxprenolol;Celiprolol;Dronedarone;Nebivolol;Asenapine;Bupranolol;Arotinolol;Levobetaxolol
Regorafenib,No,;;;,,,Yes,MAPK11;FGFR2;RAF1;FGFR1,Raf1;p38;FGFR,79;38;91,Non-Competitive,
Resveratrol,No,,,,Yes,AKT1,Akt,3,Non-Competitive,
Riociguat,Yes,GUCY1A2,sGC,97,No,,,,Competitive,Nitric Oxide;Plecanatide
Risperidone,No,;;;,,,Yes,ADRA1B;ADRA2C;ADRA2B;ADRA1A,aAR,1,Competitive,Ziprasidone;Dapiprazole;Amitriptyline;Olanzapine;Alfuzosin;Clozapine;Prazosin;Imipramine;Chlorpromazine;Nortriptyline;Doxazosin;Nicardipine;Verapamil;Thioridazine;Phentolamine;Tamsulosin;Trimipramine;Fenoldopam;Quinidine;Phenoxybenzamine;Carvedilol;Doxepin;Nefazodone;Terazosin;Aripiprazole;Paliperidone;Methotrimeprazine;Dextroamphetamine;Periciazine;Acepromazine;Thioproperazine;Dronedarone;Pizotifen;Silodosin;Brexpiprazole;Aripiprazole lauroxil
Romidepsin,No,;;;,,,Yes,HDAC4;HDAC2;HDAC1;HDAC6,HDAC,47,Competitive,
Rotigotine,No,,,,Yes,ADRA2B,aAR,1,Competitive,Ziprasidone;Clozapine;Prazosin;Trimipramine;Risperidone;Tolazoline;Fenoldopam;Phenoxybenzamine;Carvedilol;Quetiapine;Aripiprazole;Paliperidone;Yohimbine;Methotrimeprazine;Celiprolol;Dronedarone;Mianserin;Pizotifen;Asenapine;Aripiprazole lauroxil
Ruxolitinib,No,;,,,Yes,JAK2;JAK1,JAK,57,Non-Competitive,Tofacitinib;Baricitinib;Fostamatinib;Fedratinib;Zanubrutinib
Salbutamol,Yes,ADRB1;ADRB2;ADRB3,BAR,10,No,;;,,,Competitive,Isoetharine;Norepinephrine;Phenylpropanolamine;Epinephrine;Dobutamine;Pseudoephedrine;Formoterol;Isoprenaline;Arbutamine;Fenoterol;Pirbuterol;Ephedra sinica root;Ephedrine;Clenbuterol;Droxidopa;Racepinephrine;DL-Methylephedrine
Saprisartan,No,,,,Yes,AGTR1,AT1R,8,Competitive,Valsartan;Olmesartan;Losartan;Candesartan cilexetil;Eprosartan;Telmisartan;Irbesartan;Forasartan;Tasosartan;Azilsartan medoxomil;Fimasartan;Candesartan
Sarilumab,No,,,,Yes,IL6R,IL6R,53,Competitive,Tocilizumab
Selumetinib,No,;,,,Yes,MAP2K1;MAP2K2,MEK12,65,Competitive,Cobimetinib;Bosutinib;Trametinib
Silodosin,No,;;,,,Yes,ADRA1B;ADRA1A;ADRA1D,aAR,1,Competitive,Ziprasidone;Dapiprazole;Amitriptyline;Olanzapine;Alfuzosin;Clozapine;Prazosin;Imipramine;Chlorpromazine;Nortriptyline;Doxazosin;Nicardipine;Verapamil;Thioridazine;Phentolamine;Tamsulosin;Trimipramine;Risperidone;Fenoldopam;Quinidine;Phenoxybenzamine;Carvedilol;Doxepin;Nefazodone;Terazosin;Aripiprazole;Paliperidone;Methotrimeprazine;Dextroamphetamine;Periciazine;Acepromazine;Thioproperazine;Dronedarone;Pizotifen;Brexpiprazole;Aripiprazole lauroxil
Siltuximab,No,,,,Yes,IL6,IL6,52,Competitive,Ginseng;Polaprezinc
Simvastatin,No,,,,Yes,HDAC2,HDAC,47,Competitive,Pravastatin;Valproic acid;Atorvastatin;Fluvastatin;Vorinostat;Romidepsin
Sirolimus,No,;,,,Yes,MTOR;FGF2,FGF;mTor,37;72,Competitive,Everolimus;Temsirolimus;Fostamatinib
Sitaxentan,No,;,,,Yes,EDNRB;EDNRA,ET1R,35,Competitive,Bosentan;Ambrisentan;Macitentan
Sorafenib,No,;,,,Yes,FGFR1;RAF1,Raf1;FGFR,38;91,Non-Competitive,Regorafenib;Ponatinib;Lenvatinib;Fostamatinib;Erdafitinib;Pemigatinib
Sotalol,No,;,,,Yes,ADRB1;ADRB2,BAR,10,Competitive,Esmolol;Betaxolol;Ranolazine;Metoprolol;Atenolol;Timolol;Lamotrigine;Propranolol;Labetalol;Bisoprolol;Alprenolol;Terbutaline;Carvedilol;Propafenone;Nadolol;Levobunolol;Metipranolol;Aripiprazole;Bevantolol;Practolol;Penbutolol;Oxprenolol;Celiprolol;Dronedarone;Nebivolol;Asenapine;Bupranolol;Arotinolol;Levobetaxolol
Sucralfate,Yes,EGF;FGF2,FGF;EGF,26;37,No,;,,,Competitive,
Sulfasalazine,No,,,,Yes,IKBKB,IKK,51,Non-Competitive,Mesalazine;Acetylsalicylic acid;Auranofin;Acetylcysteine;Fostamatinib
TG100-115,No,;,,,Yes,PIK3CG;PIK3CD,PI3K,83,Non-Competitive,Duvelisib;Fostamatinib
Tamsulosin,No,;;,,,Yes,ADRA1A;ADRA1B;ADRA1D,aAR,1,Competitive,Ziprasidone;Dapiprazole;Amitriptyline;Olanzapine;Alfuzosin;Clozapine;Promazine;Droperidol;Prazosin;Imipramine;Chlorpromazine;Nortriptyline;Amoxapine;Lamotrigine;Doxazosin;Nicardipine;Trazodone;Verapamil;Thioridazine;Phentolamine;Nicergoline;Trimipramine;Risperidone;Propiomazine;Tolazoline;Fenoldopam;Trifluoperazine;Flupentixol;Quinidine;Phenoxybenzamine;Carvedilol;Doxepin;Nefazodone;Terazosin;Aripiprazole;Paliperidone;Bevantolol;Methotrimeprazine;Acepromazine;Thioproperazine;Zuclopenthixol;Dronedarone;Iloperidone;Pizotifen;Silodosin;Asenapine;Indoramin;Niguldipine;Propiverine;Aripiprazole lauroxil
Tasosartan,No,;,,,Yes,AGTR1;AGTR2,AT1R,8,Competitive,Valsartan;Olmesartan;Losartan;Candesartan cilexetil;Eprosartan;Telmisartan;Irbesartan;Forasartan;Saprisartan;Azilsartan medoxomil;Fimasartan;Candesartan
Telmisartan,No,,,,Yes,AGTR1,AT1R,8,Competitive,Valsartan;Olmesartan;Losartan;Candesartan cilexetil;Eprosartan;Irbesartan;Forasartan;Saprisartan;Tasosartan;Azilsartan medoxomil;Fimasartan;Candesartan
Temsirolimus,No,,,,Yes,MTOR,mTor,72,Competitive,Sirolimus;Everolimus;Fostamatinib
Teprotumumab,No,,,,Yes,IGF1R,IGF1R,49,Competitive,Linsitinib;Brigatinib
Terazosin,No,;;;,,,Yes,ADRA1D;ADRA1A;ADRA1B;TGFB1,aAR;TGFB,103;1,Competitive,Dapiprazole;Amitriptyline;Alfuzosin;Prazosin;Imipramine;Nortriptyline;Doxazosin;Nicardipine;Verapamil;Phentolamine;Tamsulosin;Fenoldopam;Quinidine;Phenoxybenzamine;Carvedilol;Doxepin;Methotrimeprazine;Dronedarone;Pizotifen;Silodosin
Terbutaline,No,;;,,,Yes,ADRB1;ADRB3;ADRB2,BAR,10,Competitive,Esmolol;Betaxolol;Ranolazine;Metoprolol;Atenolol;Timolol;Sotalol;Lamotrigine;Propranolol;Labetalol;Bisoprolol;Alprenolol;Carvedilol;Propafenone;Nadolol;Levobunolol;Metipranolol;Aripiprazole;Bevantolol;Practolol;Penbutolol;Oxprenolol;Celiprolol;Dronedarone;Nebivolol;Asenapine;Bupranolol;Arotinolol;Levobetaxolol
Thalidomide,No,;;,,,Yes,FGFR2;TNF;NFKB1,NFkB;FGFR;TNFa,38;75;105,Competitive,Regorafenib;Ponatinib;Lenvatinib;Fostamatinib;Erdafitinib;Pemigatinib
Thioproperazine,No,;,,,Yes,ADRA1B;ADRA1A,aAR,1,Competitive,Ziprasidone;Dapiprazole;Amitriptyline;Olanzapine;Alfuzosin;Clozapine;Prazosin;Imipramine;Chlorpromazine;Nortriptyline;Doxazosin;Nicardipine;Verapamil;Thioridazine;Phentolamine;Tamsulosin;Trimipramine;Risperidone;Fenoldopam;Quinidine;Phenoxybenzamine;Carvedilol;Doxepin;Nefazodone;Terazosin;Aripiprazole;Paliperidone;Methotrimeprazine;Dextroamphetamine;Periciazine;Acepromazine;Dronedarone;Pizotifen;Silodosin;Brexpiprazole;Aripiprazole lauroxil
Thioridazine,No,;,,,Yes,ADRA1A;ADRA1B,aAR,1,Competitive,Ziprasidone;Dapiprazole;Amitriptyline;Olanzapine;Alfuzosin;Clozapine;Promazine;Droperidol;Prazosin;Imipramine;Chlorpromazine;Nortriptyline;Amoxapine;Lamotrigine;Doxazosin;Nicardipine;Trazodone;Verapamil;Phentolamine;Nicergoline;Tamsulosin;Trimipramine;Risperidone;Propiomazine;Tolazoline;Fenoldopam;Trifluoperazine;Flupentixol;Quinidine;Phenoxybenzamine;Carvedilol;Doxepin;Nefazodone;Terazosin;Aripiprazole;Paliperidone;Bevantolol;Methotrimeprazine;Acepromazine;Thioproperazine;Zuclopenthixol;Dronedarone;Iloperidone;Pizotifen;Silodosin;Asenapine;Indoramin;Niguldipine;Propiverine;Aripiprazole lauroxil
Tideglusib,No,,,,Yes,GSK3B,GSK3B,46,Competitive,Lithium cation;Fostamatinib
Timolol,No,;,,,Yes,ADRB2;ADRB1,BAR,10,Competitive,Betaxolol;Metoprolol;Atenolol;Sotalol;Propranolol;Labetalol;Bisoprolol;Alprenolol;Terbutaline;Phenoxybenzamine;Carvedilol;Propafenone;Nadolol;Levobunolol;Metipranolol;Aripiprazole;Bevantolol;Penbutolol;Oxprenolol;Celiprolol;Nebivolol;Asenapine;Bupranolol;Arotinolol
Tocilizumab,No,,,,Yes,IL6R,IL6R,53,Competitive,Sarilumab
Tofacitinib,No,;,,,Yes,JAK2;JAK1,JAK,57,Non-Competitive,Ruxolitinib;Baricitinib;Fostamatinib;Fedratinib;Zanubrutinib
Tolazoline,No,;;,,,Yes,ADRA2C;ADRA2B;ADRA1A,aAR,1,Competitive,Ziprasidone;Clozapine;Risperidone;Fenoldopam;Phenoxybenzamine;Carvedilol;Quetiapine;Aripiprazole;Paliperidone;Yohimbine;Methotrimeprazine;Celiprolol;Dronedarone;Iloperidone;Mianserin;Pizotifen;Asenapine;Lurasidone;Brexpiprazole;Aripiprazole lauroxil
Trametinib,No,;,,,Yes,MAP2K2;MAP2K1,MEK12,65,Non-Competitive,Bosutinib;Selumetinib;Fostamatinib
Trazodone,No,,,,Yes,ADRA1A,aAR,1,Competitive,Ziprasidone;Dapiprazole;Amitriptyline;Olanzapine;Alfuzosin;Clozapine;Promazine;Droperidol;Prazosin;Imipramine;Chlorpromazine;Nortriptyline;Amoxapine;Lamotrigine;Doxazosin;Nicardipine;Verapamil;Thioridazine;Phentolamine;Nicergoline;Tamsulosin;Trimipramine;Risperidone;Propiomazine;Tolazoline;Fenoldopam;Trifluoperazine;Flupentixol;Quinidine;Phenoxybenzamine;Carvedilol;Doxepin;Nefazodone;Terazosin;Aripiprazole;Paliperidone;Bevantolol;Methotrimeprazine;Acepromazine;Thioproperazine;Zuclopenthixol;Dronedarone;Iloperidone;Pizotifen;Silodosin;Asenapine;Indoramin;Niguldipine;Propiverine;Aripiprazole lauroxil
Trifluoperazine,No,;,,,Yes,ADRA1A;CALM1,aAR;CaM,15;1,Competitive,Ziprasidone;Dapiprazole;Amitriptyline;Olanzapine;Alfuzosin;Clozapine;Promazine;Droperidol;Prazosin;Imipramine;Chlorpromazine;Nortriptyline;Amoxapine;Lamotrigine;Doxazosin;Nicardipine;Trazodone;Verapamil;Thioridazine;Phentolamine;Nicergoline;Tamsulosin;Trimipramine;Risperidone;Propiomazine;Tolazoline;Fenoldopam;Flupentixol;Quinidine;Phenoxybenzamine;Carvedilol;Doxepin;Nefazodone;Terazosin;Aripiprazole;Paliperidone;Bevantolol;Methotrimeprazine;Acepromazine;Thioproperazine;Zuclopenthixol;Dronedarone;Iloperidone;Pizotifen;Silodosin;Asenapine;Indoramin;Niguldipine;Propiverine;Aripiprazole lauroxil
Triflusal,No,,,,Yes,NFKB1,NFkB,75,Competitive,Thalidomide
Trimipramine,No,;;,,,Yes,ADRA1B;ADRA1A;ADRA2B,aAR,1,Competitive,Ziprasidone;Dapiprazole;Amitriptyline;Olanzapine;Alfuzosin;Clozapine;Prazosin;Imipramine;Chlorpromazine;Nortriptyline;Doxazosin;Nicardipine;Verapamil;Thioridazine;Phentolamine;Tamsulosin;Risperidone;Fenoldopam;Quinidine;Phenoxybenzamine;Carvedilol;Doxepin;Nefazodone;Terazosin;Aripiprazole;Paliperidone;Methotrimeprazine;Dextroamphetamine;Periciazine;Acepromazine;Thioproperazine;Dronedarone;Pizotifen;Silodosin;Brexpiprazole;Aripiprazole lauroxil
Ulixertinib,No,;,,,Yes,MAPK3;MAPK1,ERK12,32,Non-Competitive,Purvalanol
Upadacitinib,No,,,,Yes,JAK1,JAK,57,Non-Competitive,Ruxolitinib;Tofacitinib;Baricitinib;Fostamatinib;Fedratinib
Valproic acid,No,;,,,Yes,HDAC9;HDAC2,HDAC,47,Competitive,
Valsartan,No,,,,Yes,AGTR1,AT1R,8,Competitive,Olmesartan;Losartan;Candesartan cilexetil;Eprosartan;Telmisartan;Irbesartan;Forasartan;Saprisartan;Tasosartan;Azilsartan medoxomil;Fimasartan;Candesartan
Vandetanib,No,,,,Yes,EGFR,EGFR,27,Non-Competitive,Lidocaine;Gefitinib;Erlotinib;Lapatinib;Afatinib;Osimertinib;Necitumumab;Icotinib;Neratinib;Dacomitinib;Fostamatinib;Zalutumumab;Brigatinib;Olmutinib;Zanubrutinib
Verapamil,No,;;,,,Yes,ADRA1D;ADRA1A;ADRA1B,aAR,1,Competitive,Dapiprazole;Amitriptyline;Alfuzosin;Prazosin;Imipramine;Nortriptyline;Doxazosin;Nicardipine;Phentolamine;Tamsulosin;Fenoldopam;Quinidine;Phenoxybenzamine;Carvedilol;Doxepin;Terazosin;Methotrimeprazine;Dronedarone;Pizotifen;Silodosin
Vorhyaluronidase alfa,No,,,,Yes,TGFB1,TGFB,103,Competitive,Hyaluronidase (ovine);Terazosin;Hyaluronidase
Vorinostat,No,;;;;,,,Yes,HDAC1;HDAC8;HDAC6;HDAC2;HDAC3,HDAC,47,Competitive,Romidepsin;Fingolimod
Xylometazoline,Yes,ADRA1A;ADRA1B;ADRA1D;ADRA2C;ADRA2B,aAR,1,No,;;;;,,,Competitive,Midodrine;Norepinephrine;Phenylephrine;Dipivefrin;Clonidine;Metaraminol;Epinephrine;Methoxamine;Pseudoephedrine;Benzphetamine;Apraclonidine;Pergolide;Ergometrine;Ephedrine;4-Methoxyamphetamine;Phendimetrazine;Lofexidine;Droxidopa;Isometheptene;Naphazoline;Cirazoline;Racepinephrine
Yohimbine,No,;,,,Yes,ADRA2C;ADRA2B,aAR,1,Competitive,Ziprasidone;Clozapine;Risperidone;Tolazoline;Fenoldopam;Phenoxybenzamine;Carvedilol;Quetiapine;Aripiprazole;Paliperidone;Methotrimeprazine;Celiprolol;Dronedarone;Iloperidone;Mianserin;Pizotifen;Asenapine;Lurasidone;Brexpiprazole;Aripiprazole lauroxil
Zalutumumab,No,,,,Yes,EGFR,EGFR,27,Non-Competitive,Lidocaine;Gefitinib;Erlotinib;Lapatinib;Vandetanib;Afatinib;Osimertinib;Necitumumab;Icotinib;Neratinib;Dacomitinib;Fostamatinib;Brigatinib;Olmutinib;Zanubrutinib
Zanubrutinib,No,;;;,,,Yes,ERBB4;ERBB2;JAK2;EGFR,JAK;EGFR;ERBB,27;31;57,Non-Competitive,Afatinib;Fostamatinib;Brigatinib
Ziprasidone,No,;;;,,,Yes,ADRA2B;ADRA2C;ADRA1A;ADRA1B,aAR,1,Competitive,Clozapine;Prazosin;Trimipramine;Risperidone;Tolazoline;Fenoldopam;Phenoxybenzamine;Carvedilol;Quetiapine;Aripiprazole;Paliperidone;Yohimbine;Methotrimeprazine;Celiprolol;Dronedarone;Rotigotine;Mianserin;Pizotifen;Asenapine;Aripiprazole lauroxil
Zuclopenthixol,No,,,,Yes,ADRA1A,aAR,1,Competitive,Ziprasidone;Dapiprazole;Amitriptyline;Olanzapine;Alfuzosin;Clozapine;Promazine;Droperidol;Prazosin;Imipramine;Chlorpromazine;Nortriptyline;Amoxapine;Lamotrigine;Doxazosin;Nicardipine;Trazodone;Verapamil;Thioridazine;Phentolamine;Nicergoline;Tamsulosin;Trimipramine;Risperidone;Propiomazine;Tolazoline;Fenoldopam;Trifluoperazine;Flupentixol;Quinidine;Phenoxybenzamine;Carvedilol;Doxepin;Nefazodone;Terazosin;Aripiprazole;Paliperidone;Bevantolol;Methotrimeprazine;Acepromazine;Thioproperazine;Dronedarone;Iloperidone;Pizotifen;Silodosin;Asenapine;Indoramin;Niguldipine;Propiverine;Aripiprazole lauroxil
Perospirone,No,;;;,,,Yes,ADRA2B;ADRA2C;ADRA1B;ADRA1A,aAR,1,Competitive,
Loxapine,No,;;;,,,Yes,ADRA2B;ADRA2C;ADRA1B;ADRA1A,aAR,1,Competitive,
Ethopropazine,No,;;;,,,Yes,ADRA2B;ADRA2C;ADRA1B;ADRA1A,aAR,1,Competitive,
Naftopidil,No,;;;,,,Yes,ADRA2B;ADRA2C;ADRA1B;ADRA1A,aAR,1,Competitive,
Cloperastine,No,;;;,,,Yes,ADRA2B;ADRA2C;ADRA1B;ADRA1A,aAR,1,Competitive,
Picropodophyllin,No,,,,Yes,IGF1R,IGF1R,49,Non-Competitive,
AZD8055,No,,,,Yes,MTOR,mTor,72,Non-Competitive,
WYE-125132,No,,,,Yes,MTOR,mTor,72,Non-Competitive,
GDC-0980,No,,,,Yes,PIK3CA,PI3K,83,Non-Competitive,
PF-04691502,No,,,,Yes,PIK3CA,PI3K,83,Non-Competitive,
BEZ235,No,,,,Yes,PIK3CA,PI3K,83,Non-Competitive,
Pelitinib,No,,,,Yes,EGFR,EGFR,27,Non-Competitive,
WZ3146,No,,,,Yes,EGFR,EGFR,27,Non-Competitive,
WZ4002,No,,,,Yes,EGFR,EGFR,27,Non-Competitive,
AEE788,No,;;,,,Yes,ERBB4;EGFR;ERBB2,EGFR;ERBB,27;31,Non-Competitive,
TG101209,No,;,,,Yes,JAK1;JAK2,JAK,57,Non-Competitive,
NVP-BSK805,No,;,,,Yes,JAK1;JAK2,JAK,57,Non-Competitive,
Vinorelbine,No,;;;,,,Yes,MAPK11,p38,79,Non-Competitive,
